first_name,last_name,date_of_birth,email,above_18,membership_id
Patty,Smith,19750827,Patty_Smith@ross.com,True,Smith_c7677
Sean,Wang,19600311,Sean_Wang@gibson-calderon.com,True,Wang_04168
Richard,Estrada,19921015,Richard_Estrada@malone.com,True,Estrada_0bf5b
Jackson,Cline,19710121,Jackson_Cline@hudson.net,True,Cline_825fb
Allen,Williams,19971109,Allen_Williams@sanchez.net,True,Williams_3e726
Eric,Flores,19820107,Eric_Flores@dillon-patterson.com,True,Flores_f6828
Anna,Richardson,19670223,Anna_Richardson@perry.com,True,Richardson_ef158
Benjamin,Smith,19871223,Benjamin_Smith@christian-contreras.com,True,Smith_9625b
Taylor,Gomez,19821022,Taylor_Gomez@johnston.com,True,Gomez_876bf
Jeremy,Rodriguez,19780828,Jeremy_Rodriguez@roth.com,True,Rodriguez_93ac7
April,Garcia,19871231,April_Garcia@hall.com,True,Garcia_26b55
Sharon,Garza,20020830,Sharon_Garza@duran.com,True,Garza_40199
Lori,Sanchez,19980420,Lori_Sanchez@hardin-warner.net,True,Sanchez_364a7
Joseph,Reed,19511220,Joseph_Reed@kelley.com,True,Reed_3bc34
Jason,Armstrong,19921116,Jason_Armstrong@curtis.com,True,Armstrong_e2fb8
Jessica,Allison,19721030,Jessica_Allison@harper.com,True,Allison_0c21b
Arthur,Hall,19940311,Arthur_Hall@gonzalez.com,True,Hall_5eccd
Sherry,Meza,19970409,Sherry_Meza@west.com,True,Meza_5bcfa
Matthew,Turner,19940707,Matthew_Turner@martinez.com,True,Turner_0303a
Jeffrey,Bauer,19660813,Jeffrey_Bauer@garza.com,True,Bauer_18f68
Sophia,Randolph,19500807,Sophia_Randolph@leonard-ramirez.com,True,Randolph_76c7a
Marissa,Matthews,19720221,Marissa_Matthews@graves.com,True,Matthews_2a414
Samuel,Thompson,19840304,Samuel_Thompson@sanchez-carroll.com,True,Thompson_8382b
Zachary,Lee,19870704,Zachary_Lee@smith.com,True,Lee_76cce
Kara,Pittman,19680525,Kara_Pittman@gomez-vaughn.com,True,Pittman_44c4d
Charles,Ruiz,19680113,Charles_Ruiz@sullivan-jones.com,True,Ruiz_1546f
Rachel,Shaw,19581223,Rachel_Shaw@stevenson-martinez.com,True,Shaw_45468
James,Miller,19710831,James_Miller@nguyen.com,True,Miller_d11a8
Gabriella,Anthony,19970106,Gabriella_Anthony@castro.com,True,Anthony_ebd30
Misty,Cantrell,19570303,Misty_Cantrell@flores-decker.com,True,Cantrell_b19eb
Kelly,Guerrero,19970203,Kelly_Guerrero@riggs.com,True,Guerrero_d55cb
David,Nichols,19620819,David_Nichols@rocha.com,True,Nichols_9226a
Shawn,Galloway,19850419,Shawn_Galloway@johnston.com,True,Galloway_1a4d2
Fernando,Salazar,19720419,Fernando_Salazar@humphrey.com,True,Salazar_88b5f
Dennis,Sanford,19800806,Dennis_Sanford@lopez-archer.com,True,Sanford_c7e24
Amanda,Murphy,20000730,Amanda_Murphy@bright-gibbs.net,True,Murphy_0851c
Bobby,Martin,20000331,Bobby_Martin@jackson.com,True,Martin_35f44
Lauren,Jones,19870724,Lauren_Jones@castaneda.com,True,Jones_3cea3
Vernon,Bishop,19730710,Vernon_Bishop@clark-larson.com,True,Bishop_b0506
Phillip,Meyers,19601022,Phillip_Meyers@mcneil-williams.com,True,Meyers_2871d
Jeremy,Strickland,19501223,Jeremy_Strickland@adkins.com,True,Strickland_c13f0
Robert,Martin,19500718,Robert_Martin@crawford.com,True,Martin_6f48d
Marc,Davis,19800520,Marc_Davis@harris.com,True,Davis_7d08d
William,Taylor,19860131,William_Taylor@warner-morgan.net,True,Taylor_4fbc5
Alyssa,Pierce,19680516,Alyssa_Pierce@ruiz.com,True,Pierce_133dc
Michael,Brady,19500323,Michael_Brady@wells-sanders.com,True,Brady_bd431
James,Rhodes,19771010,James_Rhodes@green.com,True,Rhodes_df266
Ryan,Ramirez,19850425,Ryan_Ramirez@pham.com,True,Ramirez_5ff32
Stephen,Thompson,19511112,Stephen_Thompson@hess.com,True,Thompson_52cd0
Susan,Williams,19761205,Susan_Williams@rowland.com,True,Williams_3b0d4
Nancy,Aguilar,19950811,Nancy_Aguilar@lane.com,True,Aguilar_ad5a0
Jessica,Williams,19730824,Jessica_Williams@thomas-martin.com,True,Williams_b7835
Dylan,Johnson,19960107,Dylan_Johnson@montgomery.com,True,Johnson_d53b7
Pamela,King,19930929,Pamela_King@soto.net,True,King_01148
Robert,Smith,19870424,Robert_Smith@joyce.com,True,Smith_634dd
Samantha,Gonzalez,19980829,Samantha_Gonzalez@rios-fletcher.com,True,Gonzalez_31e9a
Terry,Pierce,19640910,Terry_Pierce@warner-reyes.com,True,Pierce_68d7c
Jeffery,Walker,19560624,Jeffery_Walker@watson.com,True,Walker_ba5b7
Todd,Alvarez,19741125,Todd_Alvarez@vaughn.com,True,Alvarez_7bc5d
Brett,Willis,19610908,Brett_Willis@gibbs.com,True,Willis_d0046
Louis,Klein,19651220,Louis_Klein@phillips-allen.com,True,Klein_43163
Kristin,Wilkins,20020511,Kristin_Wilkins@harvey.com,True,Wilkins_48a0a
Joshua,Lynch,19650526,Joshua_Lynch@daniels.com,True,Lynch_49515
Deborah,Williams,19841121,Deborah_Williams@howard.com,True,Williams_e69d3
Timothy,Martin,20030501,Timothy_Martin@camacho-sparks.net,True,Martin_6cf84
Sarah,Bright,19981115,Sarah_Bright@winters.com,True,Bright_776f9
Rebecca,Anderson,19730827,Rebecca_Anderson@carter-ramirez.com,True,Anderson_48071
Roger,Frost,19700217,Roger_Frost@cole-robinson.com,True,Frost_5ba4a
Toni,Dunn,19800831,Toni_Dunn@chapman.com,True,Dunn_8edbe
Eric,Dunn,19601207,Eric_Dunn@reese.com,True,Dunn_84e93
Heather,Pierce,19570813,Heather_Pierce@williams-edwards.com,True,Pierce_1096d
Jordan,Erickson,19750802,Jordan_Erickson@martinez.com,True,Erickson_6b984
Susan,Ali,19990105,Susan_Ali@leach.com,True,Ali_f361f
Richard,Wilson,19990703,Richard_Wilson@hernandez.com,True,Wilson_f0626
Jon,Butler,19870318,Jon_Butler@blackwell.com,True,Butler_a60e8
Paul,Phillips,19970216,Paul_Phillips@vance.com,True,Phillips_01acd
Adam,Parker,19980722,Adam_Parker@yoder.com,True,Parker_5ebc0
Cory,Walker,19621208,Cory_Walker@torres.net,True,Walker_a21be
Jeffrey,Sanchez,19950914,Jeffrey_Sanchez@jones-butler.com,True,Sanchez_cf3c9
Bianca,Martin,19780205,Bianca_Martin@mitchell.com,True,Martin_7bf56
Jeffrey,King,19770623,Jeffrey_King@hicks-boyd.com,True,King_2f8a4
Shelly,Mcdaniel,19951028,Shelly_Mcdaniel@little.com,True,Mcdaniel_ab5b4
Melanie,Wiggins,20000214,Melanie_Wiggins@mcdonald-rice.com,True,Wiggins_c46e0
Daniel,Smith,19860308,Daniel_Smith@cummings.com,True,Smith_e0b77
Christopher,Smith,19810707,Christopher_Smith@lamb.com,True,Smith_216c5
Marc,Love,19550722,Marc_Love@martin.com,True,Love_95197
Scott,Lawrence,19760104,Scott_Lawrence@aguilar.com,True,Lawrence_fbccd
James,Sosa,19570811,James_Sosa@robles-hawkins.com,True,Sosa_84005
Jamie,Jackson,19770526,Jamie_Jackson@carr.com,True,Jackson_b5943
Jeffrey,Hatfield,19701014,Jeffrey_Hatfield@morgan-erickson.com,True,Hatfield_bf691
James,Phillips,19611019,James_Phillips@green-taylor.com,True,Phillips_c68d2
Jessica,Moore,19990905,Jessica_Moore@harrison-bautista.com,True,Moore_555b6
Debra,Peters,19820804,Debra_Peters@smith.com,True,Peters_6955e
Richard,Anderson,19700405,Richard_Anderson@peck-franklin.com,True,Anderson_6c12a
Lauren,Hahn,19720620,Lauren_Hahn@simmons.com,True,Hahn_38908
Joseph,Perez,19740909,Joseph_Perez@ryan.com,True,Perez_a30c9
Faith,Edwards,19770726,Faith_Edwards@price.net,True,Edwards_96edd
Laura,Vargas,19770910,Laura_Vargas@gallagher-young.com,True,Vargas_b176f
Sarah,Lewis,19810225,Sarah_Lewis@wyatt.com,True,Lewis_f236b
Brad,Huff,19611227,Brad_Huff@moore.com,True,Huff_88806
Thomas,Sanchez,19570914,Thomas_Sanchez@cunningham-reid.net,True,Sanchez_a1536
Alexander,Richardson,19581025,Alexander_Richardson@perez.com,True,Richardson_e102e
Matthew,Moore,20030707,Matthew_Moore@nichols.com,True,Moore_4788f
Joseph,Howard,19520726,Joseph_Howard@williams.com,True,Howard_99bdb
Jacqueline,Phillips,19880118,Jacqueline_Phillips@larson.com,True,Phillips_3268f
Anne,Richards,19690609,Anne_Richards@mccarthy.com,True,Richards_e1b0f
Derek,Thomas,19640724,Derek_Thomas@green.com,True,Thomas_a6b2a
Joseph,Bonilla,19740508,Joseph_Bonilla@freeman.com,True,Bonilla_07c60
Gary,Barber,19551112,Gary_Barber@roberts.net,True,Barber_8e448
Brian,Johnson,19810617,Brian_Johnson@carr.com,True,Johnson_01409
Christine,Peterson,19741119,Christine_Peterson@hamilton.com,True,Peterson_d3043
Christopher,Bautista,19940212,Christopher_Bautista@rodgers.com,True,Bautista_06ca7
Barbara,Krueger,19520322,Barbara_Krueger@strong.com,True,Krueger_f41b0
Monica,Oconnor,19800107,Monica_Oconnor@gordon.com,True,Oconnor_5d9be
Peggy,Johnson,19720328,Peggy_Johnson@berg.com,True,Johnson_317e0
Susan,Herrera,19550826,Susan_Herrera@gomez.com,True,Herrera_2275e
Andrew,Matthews,19880219,Andrew_Matthews@ramos-vaughn.com,True,Matthews_33105
Erin,Kennedy,19650109,Erin_Kennedy@hendricks-mason.com,True,Kennedy_e1e07
Jason,Lopez,19740830,Jason_Lopez@wood-hill.com,True,Lopez_ad64b
Jerry,Clark,19950928,Jerry_Clark@perez.com,True,Clark_850e2
Alyssa,Kim,19901108,Alyssa_Kim@beck-zuniga.com,True,Kim_61638
Courtney,Williams,19990919,Courtney_Williams@garner.com,True,Williams_225d6
Kevin,Haynes,19690624,Kevin_Haynes@jones.com,True,Haynes_d74e4
John,Hicks,19530912,John_Hicks@weber.com,True,Hicks_c3ab0
Eric,Kennedy,19990522,Eric_Kennedy@mcdonald.com,True,Kennedy_b93e8
Matthew,Nelson,19580127,Matthew_Nelson@hunt.com,True,Nelson_49b51
Carolyn,Glover,19790714,Carolyn_Glover@walker.com,True,Glover_9a700
Robert,Moore,19550415,Robert_Moore@young.com,True,Moore_bd6b1
Nicole,Mcgee,19590303,Nicole_Mcgee@reyes.com,True,Mcgee_84007
Danielle,Hunter,19710811,Danielle_Hunter@ballard.com,True,Hunter_c76d0
Kelly,Perez,19600519,Kelly_Perez@ward-wilson.com,True,Perez_016c7
Mary,Odom,19630813,Mary_Odom@morgan-reynolds.com,True,Odom_e8796
Arthur,Gibson,19610306,Arthur_Gibson@thompson-thompson.com,True,Gibson_7ade8
Katherine,Brennan,19771113,Katherine_Brennan@garcia.net,True,Brennan_fbe29
Christopher,Miller,19850131,Christopher_Miller@kelly.com,True,Miller_5a80b
Amber,Hopkins,19750831,Amber_Hopkins@hall.com,True,Hopkins_7c2f6
Christine,Lara,19590103,Christine_Lara@barnes-lee.com,True,Lara_05622
Nancy,Garcia,19680305,Nancy_Garcia@lewis-hayden.com,True,Garcia_76b84
Alex,Rhodes,19780913,Alex_Rhodes@russell.net,True,Rhodes_a5121
Daniel,Bennett,19730228,Daniel_Bennett@stephens-oneill.com,True,Bennett_1ed65
Kevin,Woodard,19550809,Kevin_Woodard@lynch.com,True,Woodard_0dee6
Todd,Wheeler,19960904,Todd_Wheeler@woods.com,True,Wheeler_62b5f
Linda,Woods,19611127,Linda_Woods@diaz.com,True,Woods_5e5f2
Alan,Peterson,19760129,Alan_Peterson@burch.com,True,Peterson_9e709
Jacob,Grant,19911204,Jacob_Grant@cummings.com,True,Grant_46694
Gabrielle,Johnson,19580610,Gabrielle_Johnson@serrano.com,True,Johnson_aa25e
Anne,Howard,19690610,Anne_Howard@rowe.com,True,Howard_45839
Caleb,Morales,19660329,Caleb_Morales@collins.com,True,Morales_0598c
James,Dominguez,19881205,James_Dominguez@black.com,True,Dominguez_e2663
Kathryn,Cardenas,19830508,Kathryn_Cardenas@skinner.com,True,Cardenas_35ae4
Jeffrey,Santiago,19750228,Jeffrey_Santiago@duncan.com,True,Santiago_5cbec
Andrew,Mclaughlin,19730514,Andrew_Mclaughlin@fitzpatrick-lucas.com,True,Mclaughlin_b2423
Bryan,Porter,19570214,Bryan_Porter@elliott.com,True,Porter_e9e42
Brendan,Smith,19580516,Brendan_Smith@williams.com,True,Smith_750a9
Amy,Wilson,19740412,Amy_Wilson@cortez.net,True,Wilson_09540
David,Clark,19850801,David_Clark@fleming.com,True,Clark_f30a3
Erika,Joseph,19810303,Erika_Joseph@romero.com,True,Joseph_f0dcb
Jeffrey,Hernandez,19891231,Jeffrey_Hernandez@mcdaniel.com,True,Hernandez_f3251
Michael,Miller,19640520,Michael_Miller@taylor-moore.com,True,Miller_375ad
Theresa,Newman,19941129,Theresa_Newman@perry-scott.com,True,Newman_069d1
Paul,Romero,19601007,Paul_Romero@middleton-jones.com,True,Romero_7ffde
Kathleen,Ramirez,19550829,Kathleen_Ramirez@banks-wright.com,True,Ramirez_04ceb
Janet,Choi,19860718,Janet_Choi@neal.com,True,Choi_e37de
Mark,Bender,19690911,Mark_Bender@oneal-wilkins.com,True,Bender_b8ade
Abigail,Brown,19800810,Abigail_Brown@jones-underwood.com,True,Brown_7bef7
Antonio,Dominguez,19801115,Antonio_Dominguez@nichols.com,True,Dominguez_821d7
Tony,Morris,19700805,Tony_Morris@davis.com,True,Morris_1057d
Randy,Carlson,19550530,Randy_Carlson@rivera.com,True,Carlson_d8db2
Mitchell,Pierce,20010824,Mitchell_Pierce@houston-conway.net,True,Pierce_7e42c
Angela,West,19810427,Angela_West@anderson-fitzgerald.com,True,West_0afba
Sherry,Lyons,19980902,Sherry_Lyons@carson-copeland.com,True,Lyons_5c73e
Jennifer,Butler,19511118,Jennifer_Butler@arellano-morris.com,True,Butler_c810e
Kevin,Peters,19670602,Kevin_Peters@edwards.com,True,Peters_4b936
Benjamin,Conway,19551228,Benjamin_Conway@burton-paul.com,True,Conway_b14b9
Noah,Mccarty,19650620,Noah_Mccarty@rios-oneill.com,True,Mccarty_6f29c
Andrew,Stewart,19511202,Andrew_Stewart@wong.com,True,Stewart_c3765
Brenda,Jones,19550804,Brenda_Jones@lang.com,True,Jones_e27fe
Jerry,Shannon,19510505,Jerry_Shannon@sweeney-gibbs.com,True,Shannon_6484d
Blake,Brown,19570615,Blake_Brown@george-kelly.net,True,Brown_75572
Michael,Bowers,20020903,Michael_Bowers@klein-barry.com,True,Bowers_29d22
Elizabeth,Bailey,19630101,Elizabeth_Bailey@stephenson-arnold.com,True,Bailey_5c8a5
James,Cruz,19500730,James_Cruz@bender-harris.com,True,Cruz_a17c6
Kelly,Levy,19940805,Kelly_Levy@barajas.com,True,Levy_1b739
Thomas,Burton,19750419,Thomas_Burton@dunn-avery.net,True,Burton_e624b
Kimberly,Garcia,19630801,Kimberly_Garcia@tapia.com,True,Garcia_ea09c
Paul,Peterson,20021225,Paul_Peterson@bullock.com,True,Peterson_c41f4
Michael,Reilly,19720514,Michael_Reilly@cooper.net,True,Reilly_1c829
Alejandra,Martinez,19791221,Alejandra_Martinez@jones.com,True,Martinez_d6f6b
Timothy,Sanders,19521003,Timothy_Sanders@harrell.com,True,Sanders_e813f
Latoya,Little,19780708,Latoya_Little@martinez.com,True,Little_9b0c8
Sarah,Harvey,19600331,Sarah_Harvey@martin-smith.com,True,Harvey_119d2
Aaron,Hansen,19980128,Aaron_Hansen@mckinney.com,True,Hansen_df29c
Melissa,Ortiz,19580729,Melissa_Ortiz@lee-malone.com,True,Ortiz_84be0
Brooke,Hernandez,19911114,Brooke_Hernandez@benitez.com,True,Hernandez_bcb5b
Lisa,Livingston,19500423,Lisa_Livingston@glover.com,True,Livingston_19295
Eugene,Mason,19781213,Eugene_Mason@gardner.com,True,Mason_6bc9b
Daniel,Cunningham,19730326,Daniel_Cunningham@cooper.com,True,Cunningham_12799
Alex,Smith,20020503,Alex_Smith@johnson.com,True,Smith_894dd
Charles,Jennings,19750714,Charles_Jennings@cochran.net,True,Jennings_18c5d
Jessica,Vargas,19810517,Jessica_Vargas@miller-price.net,True,Vargas_ed53f
Olivia,Clark,19741001,Olivia_Clark@wade-roberson.com,True,Clark_92a9e
Ricky,Allen,19610619,Ricky_Allen@roberts-mendoza.com,True,Allen_3a518
Cathy,Carney,19970522,Cathy_Carney@williams.net,True,Carney_0d73a
Ashley,Spencer,19910126,Ashley_Spencer@anderson.com,True,Spencer_c60e6
Victoria,Strickland,19530730,Victoria_Strickland@mccarthy-stewart.com,True,Strickland_c68d2
Patrick,Smith,19720129,Patrick_Smith@molina.net,True,Smith_5b12e
Samuel,West,20020627,Samuel_West@johnson-ryan.net,True,West_15f40
Haley,Baldwin,19650413,Haley_Baldwin@bush-wolfe.com,True,Baldwin_b3439
Alexander,Wilson,19881111,Alexander_Wilson@barron-garcia.com,True,Wilson_51998
April,Cole,19610622,April_Cole@vargas.com,True,Cole_2b0a2
Holly,Riley,19740728,Holly_Riley@stokes.com,True,Riley_3e1f8
Jeffrey,Poole,19570204,Jeffrey_Poole@cross.com,True,Poole_23f28
Rachel,Poole,19760807,Rachel_Poole@jones.net,True,Poole_46b07
Sheena,Ward,19730926,Sheena_Ward@wilson-mcbride.com,True,Ward_57d0c
Cynthia,Smith,19510509,Cynthia_Smith@smith.com,True,Smith_8477e
Kevin,Clayton,19750807,Kevin_Clayton@miller.com,True,Clayton_6ad7d
Deanna,Smith,19510416,Deanna_Smith@cooke.com,True,Smith_774d5
Sarah,Coleman,19500119,Sarah_Coleman@novak.com,True,Coleman_db259
Kurt,Butler,19640621,Kurt_Butler@taylor.net,True,Butler_19820
Cody,Becker,19601216,Cody_Becker@hansen.com,True,Becker_dd317
Molly,Miller,19770511,Molly_Miller@king-kelly.net,True,Miller_d8bf5
Craig,Bailey,19970713,Craig_Bailey@hancock-brown.com,True,Bailey_fac5d
Patricia,Gray,19660319,Patricia_Gray@dawson.com,True,Gray_00c0a
Robert,Rivera,19500722,Robert_Rivera@gibson.com,True,Rivera_6a7ce
Michelle,Lewis,19830121,Michelle_Lewis@wiggins-thornton.com,True,Lewis_afe1c
John,Owens,19670424,John_Owens@callahan.com,True,Owens_4cd37
Sarah,Smith,19680804,Sarah_Smith@kirk.com,True,Smith_313dd
Nancy,Lucas,19830607,Nancy_Lucas@aguilar.com,True,Lucas_b2c40
Christina,Murray,19791217,Christina_Murray@collins-day.com,True,Murray_a46c7
Emma,Berry,19940107,Emma_Berry@charles.com,True,Berry_c02ad
Christopher,Gross,20031114,Christopher_Gross@grimes.net,True,Gross_2742d
Jason,Hawkins,19541001,Jason_Hawkins@adams-hunter.com,True,Hawkins_8aa4f
Jeffrey,Rodriguez,19690718,Jeffrey_Rodriguez@johnson-white.com,True,Rodriguez_84bf3
Christina,Miller,19530425,Christina_Miller@marshall-lucas.com,True,Miller_84bb3
Maria,Miller,19941221,Maria_Miller@roberts.com,True,Miller_208dd
Eileen,Davis,19520404,Eileen_Davis@knox.com,True,Davis_3a81f
John,Kelley,19960928,John_Kelley@george-barker.com,True,Kelley_336ba
Harry,Miller,19890613,Harry_Miller@warner-jackson.com,True,Miller_4e2a7
Ellen,Montes,19610714,Ellen_Montes@sellers.com,True,Montes_29eaa
Gregory,Mclean,19610801,Gregory_Mclean@valencia.com,True,Mclean_3b78d
Angela,Spencer,19980502,Angela_Spencer@lopez.com,True,Spencer_071ed
Christina,Price,19860805,Christina_Price@kennedy-tran.com,True,Price_35238
Michael,Morris,19790924,Michael_Morris@nelson.net,True,Morris_05ed3
Amber,Randall,19520910,Amber_Randall@boyd-freeman.net,True,Randall_fe7f8
Matthew,Morris,19981111,Matthew_Morris@boyle-novak.com,True,Morris_f9657
Cindy,Blackburn,20001008,Cindy_Blackburn@bolton.net,True,Blackburn_0c5fb
Matthew,Jacobson,19510412,Matthew_Jacobson@bishop-thomas.com,True,Jacobson_496c2
Stacy,Jones,19940909,Stacy_Jones@perez.com,True,Jones_c6f5d
Scott,Zimmerman,19560130,Scott_Zimmerman@fischer.com,True,Zimmerman_881d6
Dakota,Silva,19791007,Dakota_Silva@barker-miller.com,True,Silva_80f7f
Jacob,Spencer,19620226,Jacob_Spencer@jefferson.net,True,Spencer_d5b01
Barbara,Hudson,19971028,Barbara_Hudson@robinson-jones.com,True,Hudson_9d670
Sherry,Peterson,19691126,Sherry_Peterson@dillon-barber.com,True,Peterson_c30b8
Austin,Bird,19760515,Austin_Bird@young-stout.com,True,Bird_86853
Matthew,Oliver,19720423,Matthew_Oliver@mitchell.com,True,Oliver_94edc
Roger,Maddox,19810426,Roger_Maddox@richards.com,True,Maddox_6974f
Kristin,Higgins,19981219,Kristin_Higgins@leonard.com,True,Higgins_bc84f
Gilbert,Johnson,19850923,Gilbert_Johnson@jones.com,True,Johnson_e0381
Bryan,Gutierrez,19881118,Bryan_Gutierrez@short-huerta.net,True,Gutierrez_c61e8
Peter,Schultz,19570829,Peter_Schultz@shah.com,True,Schultz_5fff4
Karen,Smith,19630505,Karen_Smith@washington.com,True,Smith_473c4
Justin,Burke,19961202,Justin_Burke@johnson.com,True,Burke_ea689
Sarah,Ramsey,19640622,Sarah_Ramsey@hayes.com,True,Ramsey_4c3e8
Michael,Chang,19900209,Michael_Chang@watkins.com,True,Chang_e27c8
Pamela,Hughes,19570116,Pamela_Hughes@rivas-garza.com,True,Hughes_bf91b
Jimmy,Morris,19640120,Jimmy_Morris@hall-watkins.com,True,Morris_25892
Lauren,Romero,20020425,Lauren_Romero@davis.com,True,Romero_e5750
Adam,Jones,19570107,Adam_Jones@kline-reeves.com,True,Jones_2b07e
Michelle,Kidd,19500222,Michelle_Kidd@klein-goodman.com,True,Kidd_ad962
Matthew,Murphy,19600216,Matthew_Murphy@graham.com,True,Murphy_5dc4e
Jessica,Arroyo,20021019,Jessica_Arroyo@flores-evans.com,True,Arroyo_a6982
Caleb,Zuniga,19681028,Caleb_Zuniga@stone.net,True,Zuniga_a2d94
Kenneth,Walton,19950309,Kenneth_Walton@anderson.com,True,Walton_dc147
Cheyenne,Moreno,19600912,Cheyenne_Moreno@hampton.com,True,Moreno_8048c
Courtney,Lopez,19710810,Courtney_Lopez@sanders.com,True,Lopez_93fe3
Kenneth,Williamson,19541003,Kenneth_Williamson@perez.com,True,Williamson_b834c
William,Armstrong,19641118,William_Armstrong@richards.net,True,Armstrong_e8b45
Bruce,Browning,19631113,Bruce_Browning@robertson-baldwin.com,True,Browning_1f631
Shannon,Gilbert,19920613,Shannon_Gilbert@brown-schaefer.com,True,Gilbert_cba39
Amanda,Brown,19541218,Amanda_Brown@williams.com,True,Brown_cde99
Pedro,Mitchell,19610927,Pedro_Mitchell@sims.com,True,Mitchell_31c89
Riley,Gomez,19810211,Riley_Gomez@hoffman.com,True,Gomez_010a6
Shelby,Price,19860807,Shelby_Price@fuller.net,True,Price_e8f96
Scott,Harris,19901214,Scott_Harris@mullins.com,True,Harris_fc222
Bonnie,Franklin,19880714,Bonnie_Franklin@gillespie.com,True,Franklin_f8d94
Ashley,Morris,20021001,Ashley_Morris@marshall.net,True,Morris_73a97
Christopher,Stark,19710307,Christopher_Stark@blackwell.com,True,Stark_91945
Vanessa,Johnson,19601019,Vanessa_Johnson@barber.com,True,Johnson_8fef3
Jack,Jensen,19601229,Jack_Jensen@kent-williamson.net,True,Jensen_676e2
Daniel,Armstrong,19820714,Daniel_Armstrong@brown.com,True,Armstrong_f79a4
Susan,Donovan,19690130,Susan_Donovan@jordan-anderson.com,True,Donovan_6c619
Michael,Serrano,19820711,Michael_Serrano@turner-maldonado.com,True,Serrano_1ec7e
Michael,Powell,19941127,Michael_Powell@mccall.com,True,Powell_4f74d
Alexander,Lowe,19610508,Alexander_Lowe@morris.com,True,Lowe_73be1
Jennifer,Vega,19710307,Jennifer_Vega@jenkins.net,True,Vega_91945
Aaron,Wilson,19870517,Aaron_Wilson@burke-benton.net,True,Wilson_6845c
Samuel,Lee,19740902,Samuel_Lee@gardner-rodriguez.net,True,Lee_d3d5c
Jennifer,Weaver,19781015,Jennifer_Weaver@patterson.com,True,Weaver_feb81
Timothy,Ortega,19980104,Timothy_Ortega@ramos.com,True,Ortega_17e39
Leonard,Hamilton,19880229,Leonard_Hamilton@brown.com,True,Hamilton_f2276
Kathy,Phillips,19841216,Kathy_Phillips@floyd.com,True,Phillips_608c9
Danny,Simmons,19631013,Danny_Simmons@morales.com,True,Simmons_cd946
Jennifer,Jimenez,19921121,Jennifer_Jimenez@morgan.com,True,Jimenez_5ed59
Penny,Lopez,19540925,Penny_Lopez@young-huang.net,True,Lopez_7b621
Victoria,Lawson,19541204,Victoria_Lawson@snyder.com,True,Lawson_c755d
Michael,Martinez,19521107,Michael_Martinez@hogan.net,True,Martinez_bc0fc
Samantha,Sullivan,19600423,Samantha_Sullivan@cunningham-williams.com,True,Sullivan_61495
Paul,Jones,19940215,Paul_Jones@clark-irwin.com,True,Jones_f903f
Danielle,Tran,19880826,Danielle_Tran@mann.com,True,Tran_40aaa
Jeff,Freeman,20030520,Jeff_Freeman@guzman.com,True,Freeman_35a3d
Marissa,Jones,19580806,Marissa_Jones@lewis.net,True,Jones_cdd9f
Elijah,Roy,19870705,Elijah_Roy@jones-baldwin.com,True,Roy_57ef7
Courtney,Simpson,19731103,Courtney_Simpson@preston-cantrell.com,True,Simpson_7383f
Kimberly,Hopkins,19931022,Kimberly_Hopkins@adams.com,True,Hopkins_56d12
William,King,19841115,William_King@cline-allen.com,True,King_4ae33
Stephanie,Robertson,20020805,Stephanie_Robertson@owen-rodriguez.com,True,Robertson_c09d4
Rickey,Hill,19640430,Rickey_Hill@parker-cohen.com,True,Hill_bd6cc
Erika,Stewart,19851226,Erika_Stewart@solis.com,True,Stewart_40f40
Gregory,Allen,19780122,Gregory_Allen@stanley.net,True,Allen_c7f06
Christina,Johnson,20010622,Christina_Johnson@clark.com,True,Johnson_5dcd5
Kelli,Wells,19540308,Kelli_Wells@jones.com,True,Wells_5c2c0
Nathan,Archer,19560723,Nathan_Archer@gray.com,True,Archer_c6232
Michael,Kline,19650623,Michael_Kline@phelps-alvarez.com,True,Kline_6fe75
Joshua,Rodriguez,19530317,Joshua_Rodriguez@thornton-benitez.com,True,Rodriguez_1eec6
James,Rodriguez,19810717,James_Rodriguez@logan.com,True,Rodriguez_a7ea3
Robert,Ortega,19600316,Robert_Ortega@perez.com,True,Ortega_7f647
Teresa,Ruiz,19510904,Teresa_Ruiz@holmes.com,True,Ruiz_e89df
Madison,Mejia,19530323,Madison_Mejia@sims.com,True,Mejia_10b0a
James,Bailey,19861007,James_Bailey@flynn.net,True,Bailey_b3b3b
Mary,Perry,19730808,Mary_Perry@williams.net,True,Perry_e8625
Crystal,Jones,19620914,Crystal_Jones@webb.com,True,Jones_85733
Aaron,Brown,19860502,Aaron_Brown@yates.com,True,Brown_9035e
Brian,Contreras,19650708,Brian_Contreras@hill.net,True,Contreras_91010
Tanya,Barajas,19740430,Tanya_Barajas@davis.com,True,Barajas_c09f8
Ashley,Frost,19521020,Ashley_Frost@brown-hill.com,True,Frost_ddfa1
Samantha,Rasmussen,19940621,Samantha_Rasmussen@stokes-leon.com,True,Rasmussen_0fcc4
Erica,Weber,19930809,Erica_Weber@harris-fox.com,True,Weber_b3165
Amanda,Campbell,19810324,Amanda_Campbell@parker.com,True,Campbell_fe47b
Vincent,Martin,19840124,Vincent_Martin@wright-lee.com,True,Martin_92713
Tony,Crawford,19870818,Tony_Crawford@moore.com,True,Crawford_a2a35
Randy,Sullivan,19611025,Randy_Sullivan@perez.net,True,Sullivan_7d828
Kimberly,Thompson,20001211,Kimberly_Thompson@brewer-walters.net,True,Thompson_77cc8
William,Hopkins,20010104,William_Hopkins@snyder.com,True,Hopkins_cfbfa
Martin,Compton,19840602,Martin_Compton@morgan.com,True,Compton_395a9
Anthony,Gross,19660423,Anthony_Gross@pratt.com,True,Gross_9a287
Tracy,Brown,19720823,Tracy_Brown@joyce.com,True,Brown_8baf8
James,Stanley,20011008,James_Stanley@beltran.com,True,Stanley_a95cd
Norma,Jenkins,19570323,Norma_Jenkins@larson.com,True,Jenkins_e5537
Leslie,Preston,19720510,Leslie_Preston@johns.com,True,Preston_d0922
Crystal,Valdez,20030802,Crystal_Valdez@stewart-randolph.com,True,Valdez_ddc44
Jay,Parker,19930930,Jay_Parker@fowler.net,True,Parker_311d6
Lance,Williams,19730807,Lance_Williams@williams.net,True,Williams_44d67
Carl,Taylor,19750112,Carl_Taylor@melendez.com,True,Taylor_10cf5
Brenda,Dean,19690215,Brenda_Dean@allison-hill.com,True,Dean_33bcc
Kathleen,Allen,19860113,Kathleen_Allen@cook.com,True,Allen_b02ca
Patricia,Olsen,19981124,Patricia_Olsen@haynes-blankenship.com,True,Olsen_98e22
Marie,Lamb,19790410,Marie_Lamb@hampton.com,True,Lamb_5dc6d
Nathan,Flores,19790409,Nathan_Flores@gibbs.net,True,Flores_a43fb
Ashley,Caldwell,19880903,Ashley_Caldwell@mason-bryant.com,True,Caldwell_aa013
David,Frank,19680928,David_Frank@reyes-thomas.com,True,Frank_97c93
Heather,Boyle,20030301,Heather_Boyle@lopez.com,True,Boyle_b1a10
Renee,Martin,19810421,Renee_Martin@crawford-walker.com,True,Martin_caab2
Keith,Parker,19640826,Keith_Parker@moore.com,True,Parker_0793e
Ernest,Blake,19990621,Ernest_Blake@long.com,True,Blake_ed155
Melissa,Levy,19500330,Melissa_Levy@arroyo.com,True,Levy_bef91
Brandon,Powell,19760606,Brandon_Powell@craig-gonzales.net,True,Powell_fe4b6
Lisa,Holloway,19720102,Lisa_Holloway@brown.com,True,Holloway_485d0
Kimberly,Stone,19940512,Kimberly_Stone@murphy-bryant.com,True,Stone_1d9aa
Adam,Jones,19730316,Adam_Jones@ashley.com,True,Jones_575ba
Richard,Tucker,19710625,Richard_Tucker@murphy.com,True,Tucker_0eb60
Elizabeth,Andersen,19740123,Elizabeth_Andersen@baker.com,True,Andersen_61066
Destiny,Lutz,19940412,Destiny_Lutz@thompson-wright.com,True,Lutz_3427f
Brandy,Allen,19810113,Brandy_Allen@hardy-griffin.com,True,Allen_54dd1
Stephanie,Decker,19770905,Stephanie_Decker@barrett.net,True,Decker_0c2ca
Michelle,Keller,19510607,Michelle_Keller@johnson.com,True,Keller_80065
Stacey,Yates,19921208,Stacey_Yates@lewis.com,True,Yates_0613f
Sue,Lee,19860829,Sue_Lee@rojas.com,True,Lee_f9df7
Anna,Long,19740316,Anna_Long@coleman.com,True,Long_850ab
Annette,Watson,19580423,Annette_Watson@brown-brennan.com,True,Watson_6dc0c
Robert,Perez,19690528,Robert_Perez@anderson-shaw.net,True,Perez_6ff11
James,Thomas,19520509,James_Thomas@torres.net,True,Thomas_6cc50
Kelli,Olson,19960723,Kelli_Olson@campbell.net,True,Olson_50aa7
Becky,Reid,19751027,Becky_Reid@vargas.net,True,Reid_1bdd4
Wesley,Shaw,19830121,Wesley_Shaw@henderson-gibson.com,True,Shaw_afe1c
Pamela,Boyd,19680628,Pamela_Boyd@freeman.com,True,Boyd_94bd7
Jeremy,Lewis,19530107,Jeremy_Lewis@murray.com,True,Lewis_644d9
Jennifer,Garza,19890603,Jennifer_Garza@herrera-klein.com,True,Garza_be6d1
Larry,Wilson,19670221,Larry_Wilson@perry.com,True,Wilson_0ce7d
Joshua,Thompson,19840830,Joshua_Thompson@morrow.com,True,Thompson_9e058
Dennis,Williams,19661107,Dennis_Williams@rivas.com,True,Williams_874b3
Karen,Morton,19910410,Karen_Morton@romero.com,True,Morton_e4bde
Joseph,Perry,19510616,Joseph_Perry@tucker.com,True,Perry_b530f
Heather,Herman,19710606,Heather_Herman@williams-lindsey.com,True,Herman_0ab62
Laura,Lopez,19901221,Laura_Lopez@rodriguez.com,True,Lopez_ea347
Joel,Webb,19891009,Joel_Webb@solis-swanson.com,True,Webb_5b693
Donna,Malone,19521007,Donna_Malone@brown.com,True,Malone_73ad1
Reginald,Barnes,19730214,Reginald_Barnes@walker-robinson.com,True,Barnes_f462c
Brett,House,19841126,Brett_House@rose-clarke.com,True,House_3cb13
Robert,Weaver,19820218,Robert_Weaver@young-leonard.com,True,Weaver_201e1
Beth,Martinez,19681225,Beth_Martinez@johnson.com,True,Martinez_204f4
Nicole,Small,19570414,Nicole_Small@nolan-randall.com,True,Small_09b68
Anthony,Cline,19890125,Anthony_Cline@rivera-collier.net,True,Cline_d04f7
Spencer,Ware,19801009,Spencer_Ware@montgomery-lane.com,True,Ware_0b5e6
Willie,Erickson,19910110,Willie_Erickson@bartlett.com,True,Erickson_3df9d
Daniel,Nguyen,19590903,Daniel_Nguyen@mccall.com,True,Nguyen_6a5e7
Tiffany,Brown,20030217,Tiffany_Brown@stout-thompson.com,True,Brown_1d91b
Leonard,Martinez,19560922,Leonard_Martinez@mcbride.com,True,Martinez_7564a
Thomas,Forbes,19591023,Thomas_Forbes@beck.com,True,Forbes_60d80
Robert,Stephens,20000619,Robert_Stephens@lopez.com,True,Stephens_5a6e3
Kevin,Mayo,19761029,Kevin_Mayo@pope-jones.com,True,Mayo_d6f2e
Daniel,Chen,19520716,Daniel_Chen@little.com,True,Chen_7d3b1
Samuel,Dalton,19960916,Samuel_Dalton@marquez.com,True,Dalton_32ce4
Heather,Bennett,20020105,Heather_Bennett@hamilton-blair.com,True,Bennett_dcbc8
Joshua,King,20000106,Joshua_King@hale.net,True,King_89592
Randy,Moyer,20030617,Randy_Moyer@jennings-brown.com,True,Moyer_839f3
Crystal,Blake,19701117,Crystal_Blake@parker.com,True,Blake_e7660
Heather,Combs,19590428,Heather_Combs@powell.com,True,Combs_2d19f
Amanda,Evans,19590224,Amanda_Evans@cox.com,True,Evans_62a52
Sergio,Day,19510531,Sergio_Day@guzman-garrett.com,True,Day_69b70
Julie,Boyd,19690906,Julie_Boyd@white-george.com,True,Boyd_9e514
Tara,Barnes,19540801,Tara_Barnes@shepherd.com,True,Barnes_bc727
Logan,Watkins,20000511,Logan_Watkins@hernandez.com,True,Watkins_c9964
Steven,Ortiz,19670605,Steven_Ortiz@hamilton.com,True,Ortiz_c84c2
Lisa,Marquez,19710326,Lisa_Marquez@day-smith.com,True,Marquez_7aa36
Sergio,Hughes,19810309,Sergio_Hughes@cardenas.com,True,Hughes_0c3d2
Destiny,Rojas,19860121,Destiny_Rojas@stanton.com,True,Rojas_1f285
Danny,Lewis,19521225,Danny_Lewis@turner.com,True,Lewis_07faf
Jennifer,Martin,19830527,Jennifer_Martin@moore.com,True,Martin_82381
Arthur,Chandler,19610210,Arthur_Chandler@martin.com,True,Chandler_4ab75
Cheryl,Crosby,19580930,Cheryl_Crosby@bowman-potter.com,True,Crosby_9b4b3
Ronald,Hudson,19511003,Ronald_Hudson@carson.com,True,Hudson_01af1
Jennifer,Lee,19500104,Jennifer_Lee@guerra-lopez.com,True,Lee_d7999
Gregory,Yoder,19530620,Gregory_Yoder@robinson-johnson.com,True,Yoder_70108
Carolyn,Harmon,19980124,Carolyn_Harmon@watts-horn.com,True,Harmon_69598
Christopher,Harrell,19700630,Christopher_Harrell@lindsey.com,True,Harrell_7257b
Kevin,Johnson,19930802,Kevin_Johnson@rogers.com,True,Johnson_a67f3
Michael,Harrison,19510819,Michael_Harrison@franklin.com,True,Harrison_087c8
Terry,Moore,19870615,Terry_Moore@barker-ayers.com,True,Moore_c62aa
James,Rogers,19930704,James_Rogers@green.net,True,Rogers_656af
Kathleen,Tran,19740211,Kathleen_Tran@wilson.net,True,Tran_b0eca
Jacqueline,Conway,19710617,Jacqueline_Conway@robinson-carson.com,True,Conway_ae427
Chad,Clark,19610919,Chad_Clark@hodges.com,True,Clark_35061
Maxwell,Cole,19510203,Maxwell_Cole@larson.com,True,Cole_92aa4
Bethany,Williamson,19540310,Bethany_Williamson@flores.com,True,Williamson_2b72a
Joseph,Wright,19570521,Joseph_Wright@powell.net,True,Wright_f1b73
Thomas,Rogers,19970819,Thomas_Rogers@banks-perkins.net,True,Rogers_3818b
Jenny,Lewis,19970706,Jenny_Lewis@flores.com,True,Lewis_11948
Heidi,Bolton,19560616,Heidi_Bolton@spencer.com,True,Bolton_06e0a
Daniel,Lewis,19770205,Daniel_Lewis@robertson.com,True,Lewis_e0082
Dale,Ramirez,19550323,Dale_Ramirez@patton.com,True,Ramirez_63293
Carol,Sharp,19750312,Carol_Sharp@garcia-lamb.com,True,Sharp_7f0b3
Joseph,Buck,19520311,Joseph_Buck@jacobs.com,True,Buck_542b9
Lynn,Anderson,19960113,Lynn_Anderson@williams-carter.com,True,Anderson_542fb
Emily,Andrews,19550427,Emily_Andrews@reyes-singh.com,True,Andrews_bbb39
Sarah,Harris,20010530,Sarah_Harris@thomas-sanchez.com,True,Harris_526ca
Victor,Owens,19960815,Victor_Owens@collins.com,True,Owens_620f1
Kimberly,Koch,19870125,Kimberly_Koch@rodriguez.net,True,Koch_43971
Allison,Obrien,19620423,Allison_Obrien@bailey-sanders.com,True,Obrien_00e34
John,Rogers,19710905,John_Rogers@oneill.com,True,Rogers_160f6
Laura,Bailey,19700811,Laura_Bailey@snyder.com,True,Bailey_13f67
Janet,Collins,19840721,Janet_Collins@farrell.com,True,Collins_120bd
Kristin,Lawson,19760111,Kristin_Lawson@salinas.com,True,Lawson_cbf97
James,Castaneda,19640126,James_Castaneda@miller-hart.com,True,Castaneda_7660a
Michael,Middleton,19810804,Michael_Middleton@williams-zamora.com,True,Middleton_02dfc
Robert,Ortiz,19761108,Robert_Ortiz@saunders-hunter.com,True,Ortiz_66abd
Connie,Harper,19950627,Connie_Harper@lewis.com,True,Harper_709ac
Debbie,Burns,19830806,Debbie_Burns@salinas.com,True,Burns_f2b3a
Gabriel,Preston,19961120,Gabriel_Preston@black.com,True,Preston_b6298
Steven,Hodges,19510903,Steven_Hodges@sanchez-phillips.com,True,Hodges_0c95a
Brandon,Orozco,19870717,Brandon_Orozco@greene.com,True,Orozco_02d2b
Kari,Nguyen,19991119,Kari_Nguyen@farley.com,True,Nguyen_6f546
Brittany,Hill,19870605,Brittany_Hill@rogers-hoffman.com,True,Hill_2c87a
Carrie,Martinez,19740124,Carrie_Martinez@hendrix.com,True,Martinez_a7c33
Jeffery,Hill,19591223,Jeffery_Hill@cook-lloyd.com,True,Hill_e24f9
Linda,White,19751015,Linda_White@moore.com,True,White_e9960
Jake,Spencer,20020509,Jake_Spencer@murphy.com,True,Spencer_c21d7
Joseph,Chan,19660922,Joseph_Chan@hutchinson-gutierrez.com,True,Chan_f9d1e
Sara,Dominguez,19860220,Sara_Dominguez@delgado.com,True,Dominguez_40133
Kathleen,Ali,19960602,Kathleen_Ali@horn-rogers.com,True,Ali_a2746
Danielle,Stephens,19610929,Danielle_Stephens@miller.net,True,Stephens_baaae
Ann,Wolf,19801112,Ann_Wolf@wilkins.com,True,Wolf_dbc29
Brianna,Schaefer,19761203,Brianna_Schaefer@nelson-mcmahon.com,True,Schaefer_ac7f3
Angela,Morris,19760702,Angela_Morris@murray.com,True,Morris_9ba0c
Cristian,Kelley,19510108,Cristian_Kelley@taylor-colon.net,True,Kelley_f3101
Jeffrey,Turner,19840112,Jeffrey_Turner@robinson.com,True,Turner_a2281
Jesse,Perry,19691013,Jesse_Perry@marsh.net,True,Perry_1c3c6
Ricardo,Cruz,19780205,Ricardo_Cruz@salazar-manning.com,True,Cruz_7bf56
Jessica,Smith,19510531,Jessica_Smith@walsh-steele.com,True,Smith_69b70
Brenda,Long,19510914,Brenda_Long@carter.net,True,Long_f0fca
Megan,Taylor,19930510,Megan_Taylor@montgomery.com,True,Taylor_757b6
Kelly,Morales,19800227,Kelly_Morales@sanchez.com,True,Morales_3cabc
Sheri,Johnson,19880422,Sheri_Johnson@lucas.com,True,Johnson_5c594
Lori,Pacheco,19620630,Lori_Pacheco@ayala.com,True,Pacheco_7ccf5
Sandra,Schmidt,19590711,Sandra_Schmidt@herrera.com,True,Schmidt_be25c
Rachel,Hill,19541202,Rachel_Hill@gutierrez.com,True,Hill_2b641
Emily,Case,19850508,Emily_Case@lewis.com,True,Case_1fe51
Seth,Alvarez,19800108,Seth_Alvarez@conrad.com,True,Alvarez_af321
Jose,Reyes,19700929,Jose_Reyes@garcia.com,True,Reyes_0a636
Zachary,Le,19851028,Zachary_Le@whitaker.com,True,Le_44e84
Rhonda,Anthony,19740915,Rhonda_Anthony@lawson.com,True,Anthony_91ec3
Joseph,Hill,20020923,Joseph_Hill@rodriguez-newton.com,True,Hill_0d4d9
Erin,Davis,19600917,Erin_Davis@sanchez.net,True,Davis_dbcb2
Lucas,Brown,19891101,Lucas_Brown@miller.com,True,Brown_1ebf8
William,Garcia,19850912,William_Garcia@powell.com,True,Garcia_72e9b
Lauren,Swanson,19610921,Lauren_Swanson@pena-pierce.com,True,Swanson_b3ea5
John,Frank,19500519,John_Frank@martin.com,True,Frank_4dfb9
Tony,Perry,19730910,Tony_Perry@lewis-holland.com,True,Perry_d9da1
Nicole,Schmidt,19651109,Nicole_Schmidt@stephens.com,True,Schmidt_54bf2
Nathan,Gray,19960618,Nathan_Gray@scott-gonzalez.com,True,Gray_15cd6
Nichole,Delgado,19720305,Nichole_Delgado@dixon-cruz.com,True,Delgado_f68ba
Raven,Ford,19960213,Raven_Ford@mcdowell.com,True,Ford_36701
Marcus,Rodriguez,19690511,Marcus_Rodriguez@jones.com,True,Rodriguez_3a35b
Daniel,Grimes,19821126,Daniel_Grimes@keith.com,True,Grimes_2efc5
Samuel,Solomon,19871230,Samuel_Solomon@wolf.net,True,Solomon_23bae
Katrina,Miller,19540308,Katrina_Miller@grimes.com,True,Miller_5c2c0
Raymond,Conner,19970128,Raymond_Conner@oneal-johnson.com,True,Conner_71970
Cory,Garcia,19550202,Cory_Garcia@evans-benson.com,True,Garcia_14ae7
Lori,Fuller,19680101,Lori_Fuller@gordon.com,True,Fuller_9068b
Corey,Wilson,19531011,Corey_Wilson@hoover-hernandez.com,True,Wilson_da57e
Denise,Dominguez,19660628,Denise_Dominguez@long.com,True,Dominguez_db12a
Holly,James,19641104,Holly_James@macdonald.com,True,James_e7a3a
Alicia,Mccarty,19820916,Alicia_Mccarty@beasley.com,True,Mccarty_a4b9d
Zoe,Christian,19990319,Zoe_Christian@grant.com,True,Christian_90eb3
Nicholas,Watson,19620403,Nicholas_Watson@williams.com,True,Watson_61db6
Shirley,Ruiz,19720812,Shirley_Ruiz@house-gay.com,True,Ruiz_956d3
Victoria,Wood,19910622,Victoria_Wood@proctor-baker.com,True,Wood_67f27
Jillian,Knight,19881108,Jillian_Knight@davenport.com,True,Knight_10192
Ryan,Fisher,19871030,Ryan_Fisher@fletcher.com,True,Fisher_27703
Stephanie,Howe,19630905,Stephanie_Howe@allen.com,True,Howe_a7c94
Kenneth,Kim,19990505,Kenneth_Kim@duran.com,True,Kim_c0e4a
Andrew,Macias,19661013,Andrew_Macias@douglas.com,True,Macias_a4116
Lisa,Jackson,19730114,Lisa_Jackson@morton-lowe.com,True,Jackson_89ce6
Elizabeth,Huffman,19580918,Elizabeth_Huffman@zamora.com,True,Huffman_fb25a
Christina,Stone,19930320,Christina_Stone@medina.com,True,Stone_9ab9f
Miranda,Mata,19930124,Miranda_Mata@martin.com,True,Mata_53cfc
Alexander,Merritt,19800913,Alexander_Merritt@butler.net,True,Merritt_696fd
Austin,Alexander,19950418,Austin_Alexander@ortiz.com,True,Alexander_12438
Kelly,Sanders,19520413,Kelly_Sanders@coleman.com,True,Sanders_e9c2f
Matthew,Jones,20000615,Matthew_Jones@arnold.com,True,Jones_fae51
Donna,Juarez,19550612,Donna_Juarez@sanders-briggs.com,True,Juarez_ab899
Sarah,David,19981216,Sarah_David@collier.net,True,David_39e9f
Carmen,Barajas,19810526,Carmen_Barajas@smith.com,True,Barajas_62836
Angela,Johnson,19840827,Angela_Johnson@stewart.com,True,Johnson_5dcba
Melissa,Sparks,19930802,Melissa_Sparks@sanchez-stevenson.com,True,Sparks_a67f3
Rebecca,Serrano,19650726,Rebecca_Serrano@martin.com,True,Serrano_c59d5
Katherine,Hill,19830918,Katherine_Hill@tran.com,True,Hill_e971e
Kristin,Hart,19661217,Kristin_Hart@ortega.com,True,Hart_3b264
Jacqueline,Ho,19610131,Jacqueline_Ho@henry.com,True,Ho_73551
Tyler,Rodriguez,19691123,Tyler_Rodriguez@nelson.com,True,Rodriguez_c3743
Michael,Knight,19870408,Michael_Knight@davidson.com,True,Knight_e66ab
Heather,Arroyo,19790709,Heather_Arroyo@martinez.com,True,Arroyo_44022
Lori,Larson,19630807,Lori_Larson@flowers.com,True,Larson_06714
Lindsay,Lopez,19820123,Lindsay_Lopez@foster.net,True,Lopez_b6ee8
David,Vazquez,19900612,David_Vazquez@davila-beck.com,True,Vazquez_13d09
Karen,Salazar,19950502,Karen_Salazar@wu-cohen.com,True,Salazar_cf1ae
Sherry,Hicks,19611127,Sherry_Hicks@stout-nicholson.com,True,Hicks_5e5f2
Sarah,Davila,19790906,Sarah_Davila@nash.com,True,Davila_1977b
Karen,Oneill,19921004,Karen_Oneill@gomez.com,True,Oneill_7278c
Nicholas,Mills,19631001,Nicholas_Mills@williams.com,True,Mills_f511a
Kim,Hull,20030619,Kim_Hull@king.com,True,Hull_d0117
Jennifer,Montgomery,19710715,Jennifer_Montgomery@estrada-cole.com,True,Montgomery_1a334
Cynthia,Bailey,19790825,Cynthia_Bailey@oneill.com,True,Bailey_13beb
John,Wright,19831019,John_Wright@harris.com,True,Wright_fefcf
Kelsey,Miller,19781107,Kelsey_Miller@anderson-green.com,True,Miller_d6676
Sheila,Brown,19821128,Sheila_Brown@stevens-edwards.com,True,Brown_565a7
Lisa,Moore,19941119,Lisa_Moore@ramos.com,True,Moore_a6529
Brianna,Haynes,19980401,Brianna_Haynes@garcia.com,True,Haynes_dd4da
Julian,Newman,19580313,Julian_Newman@haynes.com,True,Newman_15a27
Thomas,Ferguson,19591213,Thomas_Ferguson@guzman.com,True,Ferguson_fb458
David,Swanson,20021220,David_Swanson@gregory.com,True,Swanson_0be9c
Kathryn,Dyer,19591210,Kathryn_Dyer@walker.com,True,Dyer_7b5ce
Lauren,Rodriguez,19931016,Lauren_Rodriguez@soto.com,True,Rodriguez_a9b99
Jeffrey,Rodriguez,19900331,Jeffrey_Rodriguez@trujillo.com,True,Rodriguez_f1303
Richard,Anderson,19580607,Richard_Anderson@white.com,True,Anderson_7118f
Andrea,Huynh,19890929,Andrea_Huynh@dixon-smith.com,True,Huynh_1735e
Brian,Allen,19560101,Brian_Allen@conway.com,True,Allen_013af
Jacqueline,Peck,19590210,Jacqueline_Peck@smith-miller.com,True,Peck_723a2
Jessica,Lee,19670124,Jessica_Lee@brown-baxter.com,True,Lee_7f12f
Martin,Allen,20020924,Martin_Allen@steele.com,True,Allen_7a4f2
Jason,Mcdaniel,19650403,Jason_Mcdaniel@wood.com,True,Mcdaniel_50061
Angela,Mitchell,19690105,Angela_Mitchell@moreno-evans.com,True,Mitchell_06d3f
Derrick,Sanchez,19700424,Derrick_Sanchez@mitchell.com,True,Sanchez_9f266
Christine,Ellis,19980617,Christine_Ellis@blackwell.com,True,Ellis_b9ff0
Alyssa,Salinas,19980710,Alyssa_Salinas@robbins.com,True,Salinas_8ad1c
Kevin,Walsh,19920805,Kevin_Walsh@hamilton.net,True,Walsh_8cd29
Stuart,Daniels,20020317,Stuart_Daniels@castro.com,True,Daniels_c934d
Kenneth,Knox,19990626,Kenneth_Knox@zamora.com,True,Knox_d64ed
Steve,Mitchell,19751027,Steve_Mitchell@adkins-russell.com,True,Mitchell_1bdd4
Craig,Hendricks,19951018,Craig_Hendricks@garcia-higgins.com,True,Hendricks_a352c
Ricky,Kerr,19510625,Ricky_Kerr@gonzalez-martinez.com,True,Kerr_a02d8
Gloria,Aguilar,19690606,Gloria_Aguilar@dorsey-donaldson.com,True,Aguilar_d3661
Gerald,Hall,19711007,Gerald_Hall@kim-chapman.com,True,Hall_0bc14
Alexander,Knight,19740812,Alexander_Knight@doyle.com,True,Knight_7e064
Joseph,Cross,19530126,Joseph_Cross@mason-shaw.net,True,Cross_36c08
Joel,Myers,19720920,Joel_Myers@smith-willis.net,True,Myers_1466d
Michael,Mckee,20000917,Michael_Mckee@gordon.com,True,Mckee_92c0e
Roy,Park,19551029,Roy_Park@rodriguez-west.com,True,Park_a639e
Jonathan,Castro,19700409,Jonathan_Castro@sandoval.com,True,Castro_49d90
Richard,Carroll,19610526,Richard_Carroll@massey-gardner.com,True,Carroll_78391
Michelle,Fletcher,19831024,Michelle_Fletcher@anderson.com,True,Fletcher_e6fff
Carol,Murphy,19640317,Carol_Murphy@lowe.com,True,Murphy_ecd95
Michael,Russell,19680308,Michael_Russell@orozco.com,True,Russell_203e4
Shawna,Andrews,19981115,Shawna_Andrews@freeman.com,True,Andrews_776f9
Dana,Hernandez,19940126,Dana_Hernandez@jackson.com,True,Hernandez_3d7b1
Lauren,Harris,19780811,Lauren_Harris@long.com,True,Harris_e20bd
Sean,Morales,20030920,Sean_Morales@molina.com,True,Morales_867f3
Andrea,Dennis,19570926,Andrea_Dennis@smith-goodman.com,True,Dennis_14df3
John,Mendoza,19850519,John_Mendoza@mahoney.com,True,Mendoza_fa60d
Jeremy,Krueger,19830715,Jeremy_Krueger@haley.com,True,Krueger_b37c9
Sierra,Mcdaniel,20030713,Sierra_Mcdaniel@mata.com,True,Mcdaniel_4de3f
Wendy,Smith,19700128,Wendy_Smith@smith-webb.com,True,Smith_85c0b
Leslie,Diaz,19570430,Leslie_Diaz@thomas-shelton.com,True,Diaz_0bd1d
Grant,Snyder,19731031,Grant_Snyder@gonzales.com,True,Snyder_d3f05
Brandi,Jenkins,19651228,Brandi_Jenkins@miller.com,True,Jenkins_27fe6
Amy,Haynes,19600314,Amy_Haynes@levy.com,True,Haynes_18bc2
John,Roberts,19540315,John_Roberts@hendricks.com,True,Roberts_d606a
Carrie,Nelson,19510609,Carrie_Nelson@archer-murphy.com,True,Nelson_fde1d
Jacob,Hood,19560208,Jacob_Hood@evans.com,True,Hood_bb6b9
Tracy,Charles,19931108,Tracy_Charles@rowe.com,True,Charles_02485
Heather,Miller,19530128,Heather_Miller@taylor.net,True,Miller_28ba0
Brandon,Johnson,19851003,Brandon_Johnson@ramirez.com,True,Johnson_8eba4
Kevin,Cook,19780913,Kevin_Cook@cox-stewart.com,True,Cook_a5121
Derrick,Lane,19890916,Derrick_Lane@yates.com,True,Lane_24958
Wendy,Nelson,19650108,Wendy_Nelson@day.com,True,Nelson_f7fc3
Jasmine,Ramsey,19500407,Jasmine_Ramsey@jackson.com,True,Ramsey_843ef
William,Beltran,19850313,William_Beltran@bean.com,True,Beltran_b42ac
Albert,Jefferson,19841117,Albert_Jefferson@diaz-bailey.com,True,Jefferson_84127
Jessica,Ferguson,19670129,Jessica_Ferguson@young.com,True,Ferguson_8004f
Gerald,Stuart,19950810,Gerald_Stuart@strong.net,True,Stuart_42d02
Jacob,Vaughan,19830908,Jacob_Vaughan@martinez.com,True,Vaughan_40056
Matthew,Fuentes,19660329,Matthew_Fuentes@miranda.com,True,Fuentes_0598c
April,Carpenter,19710929,April_Carpenter@page.com,True,Carpenter_4acee
Rachel,Garcia,19961021,Rachel_Garcia@neal.com,True,Garcia_d383b
Patrick,Madden,19941101,Patrick_Madden@sanders.com,True,Madden_d8100
Angela,Myers,19740126,Angela_Myers@rodriguez.com,True,Myers_96365
Wayne,Baker,19671227,Wayne_Baker@brown.com,True,Baker_726e6
Haley,Cox,19641001,Haley_Cox@lewis.com,True,Cox_c2d50
Dan,Sanders,19500813,Dan_Sanders@klein-hernandez.com,True,Sanders_65a5d
Timothy,Boyle,19840608,Timothy_Boyle@roach.net,True,Boyle_7540a
Thomas,Fisher,19850415,Thomas_Fisher@phillips.com,True,Fisher_cd40a
Taylor,Lopez,19570522,Taylor_Lopez@jones-salazar.com,True,Lopez_d2a7d
Cynthia,Ortiz,19590706,Cynthia_Ortiz@mathis.com,True,Ortiz_fed1f
Jeffrey,Macias,19900310,Jeffrey_Macias@cox.com,True,Macias_76606
Brian,ake,19621102,Brian_Drake@hurst-price.net,True,ake_1697c
Anna,Austin,19991122,Anna_Austin@mcguire.com,True,Austin_69ddb
Joel,Clark,19580712,Joel_Clark@mcclain.com,True,Clark_b1291
Deborah,Olson,19570805,Deborah_Olson@greene.com,True,Olson_4c0a6
Michael,Love,20020321,Michael_Love@rodriguez-martinez.net,True,Love_01195
Timothy,Jordan,19991228,Timothy_Jordan@young.com,True,Jordan_26d57
Kathy,Leblanc,19810227,Kathy_Leblanc@warren-gray.com,True,Leblanc_25e89
William,Floyd,19720713,William_Floyd@duran.com,True,Floyd_ee7c0
Angela,Hayden,19960623,Angela_Hayden@barry.net,True,Hayden_44dbe
Renee,Hodges,19871228,Renee_Hodges@hamilton.com,True,Hodges_c3205
Samantha,Miller,19650406,Samantha_Miller@mcmahon.com,True,Miller_b1a7b
Lauren,Orozco,20000126,Lauren_Orozco@sanchez.com,True,Orozco_32e5d
Destiny,Johns,19731201,Destiny_Johns@hayes.com,True,Johns_bd350
Jennifer,Davis,19931018,Jennifer_Davis@nguyen.com,True,Davis_d9ba6
April,Owen,19670923,April_Owen@sanchez.com,True,Owen_1c1c8
Evan,Russell,19590120,Evan_Russell@ferguson.net,True,Russell_eeae9
Jordan,Cruz,19580323,Jordan_Cruz@clark-dickerson.com,True,Cruz_a019e
Brent,Castaneda,19580307,Brent_Castaneda@garcia.com,True,Castaneda_1e9a5
Gregory,Peters,19900902,Gregory_Peters@ray.net,True,Peters_62c2d
Jason,Malone,19550503,Jason_Malone@allen.com,True,Malone_82057
Matthew,Salazar,19991211,Matthew_Salazar@jones-jones.com,True,Salazar_8a391
Martin,Morris,19930810,Martin_Morris@garcia.com,True,Morris_ed007
Natasha,Martinez,19680418,Natasha_Martinez@west.com,True,Martinez_fa7cb
Charles,Powell,19970906,Charles_Powell@knight.com,True,Powell_89e26
Brian,Powell,19591115,Brian_Powell@hernandez.com,True,Powell_c3379
Laura,Sandoval,19860913,Laura_Sandoval@brown.com,True,Sandoval_6592d
Charles,Gonzalez,19710404,Charles_Gonzalez@navarro.com,True,Gonzalez_bc4a4
Nicholas,Caldwell,19770714,Nicholas_Caldwell@hurley-bass.com,True,Caldwell_92d76
Brian,Wyatt,19581211,Brian_Wyatt@wright-young.com,True,Wyatt_ac546
Ryan,Garcia,19930815,Ryan_Garcia@vazquez-wells.com,True,Garcia_a540e
Megan,Anderson,19700729,Megan_Anderson@wilson-murillo.com,True,Anderson_a86c0
Pamela,Hughes,19870613,Pamela_Hughes@charles-costa.com,True,Hughes_5403f
Tiffany,Scott,19861110,Tiffany_Scott@davis.com,True,Scott_af31d
Stanley,Conway,19850905,Stanley_Conway@adams.com,True,Conway_b17c3
Yolanda,Petty,19910125,Yolanda_Petty@dunlap-brown.com,True,Petty_89b4f
Emily,Oneal,19580118,Emily_Oneal@gutierrez.com,True,Oneal_1a34f
Tara,Jones,19850303,Tara_Jones@blankenship.net,True,Jones_7290c
Christine,Cohen,19940621,Christine_Cohen@rich-bell.com,True,Cohen_0fcc4
Daniel,Gutierrez,19571103,Daniel_Gutierrez@santana-bryan.com,True,Gutierrez_8e2f3
George,Williams,19810319,George_Williams@patton.com,True,Williams_c20d3
Lori,Allen,20020916,Lori_Allen@valdez-phillips.com,True,Allen_8c000
Charles,Kelly,19690401,Charles_Kelly@dalton.com,True,Kelly_0c61d
Jonathan,Villa,19751203,Jonathan_Villa@suarez.com,True,Villa_19bdd
Cindy,Jackson,19670727,Cindy_Jackson@garcia-burch.com,True,Jackson_40b1b
Scott,Williams,19800308,Scott_Williams@keller-wong.com,True,Williams_10ae3
Dylan,Hernandez,19950301,Dylan_Hernandez@singleton-johnson.com,True,Hernandez_04544
Michelle,Garcia,19801017,Michelle_Garcia@lynch.com,True,Garcia_6967c
Matthew,Bailey,19870728,Matthew_Bailey@benjamin.com,True,Bailey_255ab
Kristin,Edwards,19820603,Kristin_Edwards@short.com,True,Edwards_e7bbf
Kristen,Kirk,19590823,Kristen_Kirk@ayers.com,True,Kirk_079a3
Ruth,Carrillo,19790905,Ruth_Carrillo@paul.com,True,Carrillo_d036e
Jacob,Stephenson,19541111,Jacob_Stephenson@larson-stevenson.net,True,Stephenson_dd890
Curtis,Flynn,19780926,Curtis_Flynn@cook-drake.com,True,Flynn_066c3
Thomas,Perez,19630220,Thomas_Perez@greene-lopez.com,True,Perez_7a5c3
Sheri,Kline,19940609,Sheri_Kline@hinton.com,True,Kline_e724e
Jeff,Baker,19670424,Jeff_Baker@bentley.com,True,Baker_4cd37
William,Powell,19670721,William_Powell@harrell.com,True,Powell_d1cfb
Shannon,Thomas,19680903,Shannon_Thomas@dawson-alexander.com,True,Thomas_2a3b9
Jeffrey,Murray,19821221,Jeffrey_Murray@jones.net,True,Murray_8d3f7
Carla,Jackson,19940715,Carla_Jackson@morris.com,True,Jackson_5ae26
Kristin,Wagner,19970129,Kristin_Wagner@clayton.com,True,Wagner_83f4e
Kathleen,Rodriguez,19671005,Kathleen_Rodriguez@frost-james.com,True,Rodriguez_3b414
Nicole,Shea,19560102,Nicole_Shea@mcclure.com,True,Shea_abeb3
