membership_id,first_name,last_name,email,mobile_no,above_18,date_of_birth
smith_c7677,Patty,Smith,Patty_Smith@ross.com,59428759,True,19750827
wang_04168,Sean,Wang,Sean_Wang@gibson-calderon.com,25595367,True,19600311
estrada_0bf5b,Richard,Estrada,Richard_Estrada@malone.com,22821527,True,19921015
cline_825fb,Jackson,Cline,Jackson_Cline@hudson.net,48056519,True,19710121
williams_3e726,Allen,Williams,Allen_Williams@sanchez.net,77991519,True,19971109
flores_f6828,Eric,Flores,Eric_Flores@dillon-patterson.com,36641663,True,19820107
richardson_ef158,Anna,Richardson,Anna_Richardson@perry.com,64083047,True,19670223
smith_9625b,Benjamin,Smith,Benjamin_Smith@christian-contreras.com,95835639,True,19871223
gomez_876bf,Taylor,Gomez,Taylor_Gomez@johnston.com,24007567,True,19821022
rodriguez_93ac7,Jeremy,Rodriguez,Jeremy_Rodriguez@roth.com,32567967,True,19780828
garcia_26b55,April,Garcia,April_Garcia@hall.com,24650447,True,19871231
garza_40199,Sharon,Garza,Sharon_Garza@duran.com,59411567,True,20020830
sanchez_364a7,Lori,Sanchez,Lori_Sanchez@hardin-warner.net,76989167,True,19980420
reed_3bc34,Joseph,Reed,Joseph_Reed@kelley.com,18798163,True,19511220
armstrong_e2fb8,Jason,Armstrong,Jason_Armstrong@curtis.com,68514503,True,19921116
allison_0c21b,Jessica,Allison,Jessica_Allison@harper.com,66821135,True,19721030
hall_5eccd,Arthur,Hall,Arthur_Hall@gonzalez.com,65493407,True,19940311
meza_5bcfa,Sherry,Meza,Sherry_Meza@west.com,33491119,True,19970409
turner_0303a,Matthew,Turner,Matthew_Turner@martinez.com,73291455,True,19940707
bauer_18f68,Jeffrey,Bauer,Jeffrey_Bauer@garza.com,51154803,True,19660813
randolph_76c7a,Sophia,Randolph,Sophia_Randolph@leonard-ramirez.com,94510479,True,19500807
matthews_2a414,Marissa,Matthews,Marissa_Matthews@graves.com,20636447,True,19720221
thompson_8382b,Samuel,Thompson,Samuel_Thompson@sanchez-carroll.com,99063183,True,19840304
lee_76cce,Zachary,Lee,Zachary_Lee@smith.com,36447751,True,19870704
pittman_44c4d,Kara,Pittman,Kara_Pittman@gomez-vaughn.com,80502567,True,19680525
ruiz_1546f,Charles,Ruiz,Charles_Ruiz@sullivan-jones.com,85158255,True,19680113
shaw_45468,Rachel,Shaw,Rachel_Shaw@stevenson-martinez.com,66511687,True,19581223
miller_d11a8,James,Miller,James_Miller@nguyen.com,64917031,True,19710831
anthony_ebd30,Gabriella,Anthony,Gabriella_Anthony@castro.com,89108943,True,19970106
cantrell_b19eb,Misty,Cantrell,Misty_Cantrell@flores-decker.com,79619831,True,19570303
guerrero_d55cb,Kelly,Guerrero,Kelly_Guerrero@riggs.com,53052583,True,19970203
nichols_9226a,David,Nichols,David_Nichols@rocha.com,62269575,True,19620819
galloway_1a4d2,Shawn,Galloway,Shawn_Galloway@johnston.com,17471367,True,19850419
salazar_88b5f,Fernando,Salazar,Fernando_Salazar@humphrey.com,71192443,True,19720419
sanford_c7e24,Dennis,Sanford,Dennis_Sanford@lopez-archer.com,88084407,True,19800806
murphy_0851c,Amanda,Murphy,Amanda_Murphy@bright-gibbs.net,30501351,True,20000730
martin_35f44,Bobby,Martin,Bobby_Martin@jackson.com,43871143,True,20000331
jones_3cea3,Lauren,Jones,Lauren_Jones@castaneda.com,96512831,True,19870724
bishop_b0506,Vernon,Bishop,Vernon_Bishop@clark-larson.com,78396487,True,19730710
meyers_2871d,Phillip,Meyers,Phillip_Meyers@mcneil-williams.com,95409119,True,19601022
strickland_c13f0,Jeremy,Strickland,Jeremy_Strickland@adkins.com,20151487,True,19501223
martin_6f48d,Robert,Martin,Robert_Martin@crawford.com,78547615,True,19500718
davis_7d08d,Marc,Davis,Marc_Davis@harris.com,96597403,True,19800520
taylor_4fbc5,William,Taylor,William_Taylor@warner-morgan.net,42996791,True,19860131
pierce_133dc,Alyssa,Pierce,Alyssa_Pierce@ruiz.com,95839991,True,19680516
brady_bd431,Michael,Brady,Michael_Brady@wells-sanders.com,65342263,True,19500323
rhodes_df266,James,Rhodes,James_Rhodes@green.com,27465295,True,19771010
ramirez_5ff32,Ryan,Ramirez,Ryan_Ramirez@pham.com,67907071,True,19850425
thompson_52cd0,Stephen,Thompson,Stephen_Thompson@hess.com,75033031,True,19511112
williams_3b0d4,Susan,Williams,Susan_Williams@rowland.com,95688383,True,19761205
aguilar_ad5a0,Nancy,Aguilar,Nancy_Aguilar@lane.com,97516423,True,19950811
williams_b7835,Jessica,Williams,Jessica_Williams@thomas-martin.com,26472931,True,19730824
johnson_d53b7,Dylan,Johnson,Dylan_Johnson@montgomery.com,52048815,True,19960107
king_01148,Pamela,King,Pamela_King@soto.net,72515095,True,19930929
smith_634dd,Robert,Smith,Robert_Smith@joyce.com,76366335,True,19870424
gonzalez_31e9a,Samantha,Gonzalez,Samantha_Gonzalez@rios-fletcher.com,40456647,True,19980829
pierce_68d7c,Terry,Pierce,Terry_Pierce@warner-reyes.com,91518459,True,19640910
walker_ba5b7,Jeffery,Walker,Jeffery_Walker@watson.com,46574799,True,19560624
alvarez_7bc5d,Todd,Alvarez,Todd_Alvarez@vaughn.com,42011263,True,19741125
willis_d0046,Brett,Willis,Brett_Willis@gibbs.com,86342007,True,19610908
klein_43163,Louis,Klein,Louis_Klein@phillips-allen.com,33671863,True,19651220
wilkins_48a0a,Kristin,Wilkins,Kristin_Wilkins@harvey.com,84393855,True,20020511
lynch_49515,Joshua,Lynch,Joshua_Lynch@daniels.com,71572839,True,19650526
williams_e69d3,Deborah,Williams,Deborah_Williams@howard.com,11357647,True,19841121
martin_6cf84,Timothy,Martin,Timothy_Martin@camacho-sparks.net,92008191,True,20030501
bright_776f9,Sarah,Bright,Sarah_Bright@winters.com,24327743,True,19981115
anderson_48071,Rebecca,Anderson,Rebecca_Anderson@carter-ramirez.com,27023231,True,19730827
frost_5ba4a,Roger,Frost,Roger_Frost@cole-robinson.com,94120431,True,19700217
dunn_8edbe,Toni,Dunn,Toni_Dunn@chapman.com,89674459,True,19800831
dunn_84e93,Eric,Dunn,Eric_Dunn@reese.com,13714207,True,19601207
pierce_1096d,Heather,Pierce,Heather_Pierce@williams-edwards.com,32413999,True,19570813
erickson_6b984,Jordan,Erickson,Jordan_Erickson@martinez.com,64756655,True,19750802
ali_f361f,Susan,Ali,Susan_Ali@leach.com,74229143,True,19990105
wilson_f0626,Richard,Wilson,Richard_Wilson@hernandez.com,36349175,True,19990703
butler_a60e8,Jon,Butler,Jon_Butler@blackwell.com,78121695,True,19870318
phillips_01acd,Paul,Phillips,Paul_Phillips@vance.com,11213063,True,19970216
parker_5ebc0,Adam,Parker,Adam_Parker@yoder.com,27783391,True,19980722
walker_a21be,Cory,Walker,Cory_Walker@torres.net,37614935,True,19621208
sanchez_cf3c9,Jeffrey,Sanchez,Jeffrey_Sanchez@jones-butler.com,73226919,True,19950914
martin_7bf56,Bianca,Martin,Bianca_Martin@mitchell.com,86924127,True,19780205
king_2f8a4,Jeffrey,King,Jeffrey_King@hicks-boyd.com,68622991,True,19770623
mcdaniel_ab5b4,Shelly,Mcdaniel,Shelly_Mcdaniel@little.com,86599403,True,19951028
wiggins_c46e0,Melanie,Wiggins,Melanie_Wiggins@mcdonald-rice.com,91699615,True,20000214
smith_e0b77,Daniel,Smith,Daniel_Smith@cummings.com,26613823,True,19860308
smith_216c5,Christopher,Smith,Christopher_Smith@lamb.com,42594715,True,19810707
love_95197,Marc,Love,Marc_Love@martin.com,96796419,True,19550722
lawrence_fbccd,Scott,Lawrence,Scott_Lawrence@aguilar.com,59217375,True,19760104
sosa_84005,James,Sosa,James_Sosa@robles-hawkins.com,47053447,True,19570811
jackson_b5943,Jamie,Jackson,Jamie_Jackson@carr.com,71512687,True,19770526
hatfield_bf691,Jeffrey,Hatfield,Jeffrey_Hatfield@morgan-erickson.com,69441735,True,19701014
phillips_c68d2,James,Phillips,James_Phillips@green-taylor.com,89808183,True,19611019
moore_555b6,Jessica,Moore,Jessica_Moore@harrison-bautista.com,27155335,True,19990905
peters_6955e,Debra,Peters,Debra_Peters@smith.com,69115179,True,19820804
anderson_6c12a,Richard,Anderson,Richard_Anderson@peck-franklin.com,24730327,True,19700405
hahn_38908,Lauren,Hahn,Lauren_Hahn@simmons.com,15132727,True,19720620
perez_a30c9,Joseph,Perez,Joseph_Perez@ryan.com,61876187,True,19740909
edwards_96edd,Faith,Edwards,Faith_Edwards@price.net,44653063,True,19770726
vargas_b176f,Laura,Vargas,Laura_Vargas@gallagher-young.com,40816943,True,19770910
lewis_f236b,Sarah,Lewis,Sarah_Lewis@wyatt.com,37945839,True,19810225
huff_88806,Brad,Huff,Brad_Huff@moore.com,28207575,True,19611227
sanchez_a1536,Thomas,Sanchez,Thomas_Sanchez@cunningham-reid.net,23994083,True,19570914
richardson_e102e,Alexander,Richardson,Alexander_Richardson@perez.com,34675335,True,19581025
moore_4788f,Matthew,Moore,Matthew_Moore@nichols.com,66391671,True,20030707
howard_99bdb,Joseph,Howard,Joseph_Howard@williams.com,46746383,True,19520726
phillips_3268f,Jacqueline,Phillips,Jacqueline_Phillips@larson.com,55793915,True,19880118
richards_e1b0f,Anne,Richards,Anne_Richards@mccarthy.com,84963423,True,19690609
thomas_a6b2a,Derek,Thomas,Derek_Thomas@green.com,37329863,True,19640724
bonilla_07c60,Joseph,Bonilla,Joseph_Bonilla@freeman.com,66912183,True,19740508
barber_8e448,Gary,Barber,Gary_Barber@roberts.net,44790343,True,19551112
johnson_01409,Brian,Johnson,Brian_Johnson@carr.com,76631695,True,19810617
peterson_d3043,Christine,Peterson,Christine_Peterson@hamilton.com,57627175,True,19741119
bautista_06ca7,Christopher,Bautista,Christopher_Bautista@rodgers.com,48834663,True,19940212
krueger_f41b0,Barbara,Krueger,Barbara_Krueger@strong.com,30905343,True,19520322
oconnor_5d9be,Monica,Oconnor,Monica_Oconnor@gordon.com,97887295,True,19800107
johnson_317e0,Peggy,Johnson,Peggy_Johnson@berg.com,34795631,True,19720328
herrera_2275e,Susan,Herrera,Susan_Herrera@gomez.com,24027735,True,19550826
matthews_33105,Andrew,Matthews,Andrew_Matthews@ramos-vaughn.com,90821359,True,19880219
kennedy_e1e07,Erin,Kennedy,Erin_Kennedy@hendricks-mason.com,35865639,True,19650109
lopez_ad64b,Jason,Lopez,Jason_Lopez@wood-hill.com,11287127,True,19740830
clark_850e2,Jerry,Clark,Jerry_Clark@perez.com,46859655,True,19950928
kim_61638,Alyssa,Kim,Alyssa_Kim@beck-zuniga.com,59732335,True,19901108
williams_225d6,Courtney,Williams,Courtney_Williams@garner.com,27598999,True,19990919
haynes_d74e4,Kevin,Haynes,Kevin_Haynes@jones.com,75433787,True,19690624
hicks_c3ab0,John,Hicks,John_Hicks@weber.com,95395487,True,19530912
kennedy_b93e8,Eric,Kennedy,Eric_Kennedy@mcdonald.com,77994331,True,19990522
nelson_49b51,Matthew,Nelson,Matthew_Nelson@hunt.com,45515247,True,19580127
glover_9a700,Carolyn,Glover,Carolyn_Glover@walker.com,87832791,True,19790714
moore_bd6b1,Robert,Moore,Robert_Moore@young.com,19512199,True,19550415
mcgee_84007,Nicole,Mcgee,Nicole_Mcgee@reyes.com,34539135,True,19590303
hunter_c76d0,Danielle,Hunter,Danielle_Hunter@ballard.com,99947039,True,19710811
perez_016c7,Kelly,Perez,Kelly_Perez@ward-wilson.com,60614735,True,19600519
odom_e8796,Mary,Odom,Mary_Odom@morgan-reynolds.com,98738367,True,19630813
gibson_7ade8,Arthur,Gibson,Arthur_Gibson@thompson-thompson.com,75411807,True,19610306
brennan_fbe29,Katherine,Brennan,Katherine_Brennan@garcia.net,37918255,True,19771113
miller_5a80b,Christopher,Miller,Christopher_Miller@kelly.com,16222031,True,19850131
hopkins_7c2f6,Amber,Hopkins,Amber_Hopkins@hall.com,15289039,True,19750831
lara_05622,Christine,Lara,Christine_Lara@barnes-lee.com,77716475,True,19590103
garcia_76b84,Nancy,Garcia,Nancy_Garcia@lewis-hayden.com,62971303,True,19680305
rhodes_a5121,Alex,Rhodes,Alex_Rhodes@russell.net,75808519,True,19780913
bennett_1ed65,Daniel,Bennett,Daniel_Bennett@stephens-oneill.com,20776023,True,19730228
woodard_0dee6,Kevin,Woodard,Kevin_Woodard@lynch.com,30319911,True,19550809
wheeler_62b5f,Todd,Wheeler,Todd_Wheeler@woods.com,50356375,True,19960904
woods_5e5f2,Linda,Woods,Linda_Woods@diaz.com,81195711,True,19611127
peterson_9e709,Alan,Peterson,Alan_Peterson@burch.com,88993663,True,19760129
grant_46694,Jacob,Grant,Jacob_Grant@cummings.com,94196575,True,19911204
johnson_aa25e,Gabrielle,Johnson,Gabrielle_Johnson@serrano.com,35424207,True,19580610
howard_45839,Anne,Howard,Anne_Howard@rowe.com,35198251,True,19690610
morales_0598c,Caleb,Morales,Caleb_Morales@collins.com,69459679,True,19660329
dominguez_e2663,James,Dominguez,James_Dominguez@black.com,49527207,True,19881205
cardenas_35ae4,Kathryn,Cardenas,Kathryn_Cardenas@skinner.com,81016239,True,19830508
santiago_5cbec,Jeffrey,Santiago,Jeffrey_Santiago@duncan.com,93827623,True,19750228
mclaughlin_b2423,Andrew,Mclaughlin,Andrew_Mclaughlin@fitzpatrick-lucas.com,66417719,True,19730514
porter_e9e42,Bryan,Porter,Bryan_Porter@elliott.com,88089671,True,19570214
smith_750a9,Brendan,Smith,Brendan_Smith@williams.com,67839775,True,19580516
wilson_09540,Amy,Wilson,Amy_Wilson@cortez.net,64392323,True,19740412
clark_f30a3,David,Clark,David_Clark@fleming.com,44834223,True,19850801
joseph_f0dcb,Erika,Joseph,Erika_Joseph@romero.com,51075039,True,19810303
hernandez_f3251,Jeffrey,Hernandez,Jeffrey_Hernandez@mcdaniel.com,76263607,True,19891231
miller_375ad,Michael,Miller,Michael_Miller@taylor-moore.com,17581687,True,19640520
newman_069d1,Theresa,Newman,Theresa_Newman@perry-scott.com,36575799,True,19941129
romero_7ffde,Paul,Romero,Paul_Romero@middleton-jones.com,98843943,True,19601007
ramirez_04ceb,Kathleen,Ramirez,Kathleen_Ramirez@banks-wright.com,40351711,True,19550829
choi_e37de,Janet,Choi,Janet_Choi@neal.com,66675695,True,19860718
bender_b8ade,Mark,Bender,Mark_Bender@oneal-wilkins.com,27354911,True,19690911
brown_7bef7,Abigail,Brown,Abigail_Brown@jones-underwood.com,15726143,True,19800810
dominguez_821d7,Antonio,Dominguez,Antonio_Dominguez@nichols.com,75861007,True,19801115
morris_1057d,Tony,Morris,Tony_Morris@davis.com,33280551,True,19700805
carlson_d8db2,Randy,Carlson,Randy_Carlson@rivera.com,51211679,True,19550530
pierce_7e42c,Mitchell,Pierce,Mitchell_Pierce@houston-conway.net,96845551,True,20010824
west_0afba,Angela,West,Angela_West@anderson-fitzgerald.com,59397207,True,19810427
lyons_5c73e,Sherry,Lyons,Sherry_Lyons@carson-copeland.com,47672835,True,19980902
butler_c810e,Jennifer,Butler,Jennifer_Butler@arellano-morris.com,16079075,True,19511118
peters_4b936,Kevin,Peters,Kevin_Peters@edwards.com,28855487,True,19670602
conway_b14b9,Benjamin,Conway,Benjamin_Conway@burton-paul.com,23338319,True,19551228
mccarty_6f29c,Noah,Mccarty,Noah_Mccarty@rios-oneill.com,64718427,True,19650620
stewart_c3765,Andrew,Stewart,Andrew_Stewart@wong.com,19799879,True,19511202
jones_e27fe,Brenda,Jones,Brenda_Jones@lang.com,62608823,True,19550804
shannon_6484d,Jerry,Shannon,Jerry_Shannon@sweeney-gibbs.com,86239787,True,19510505
brown_75572,Blake,Brown,Blake_Brown@george-kelly.net,34835327,True,19570615
bowers_29d22,Michael,Bowers,Michael_Bowers@klein-barry.com,70074031,True,20020903
bailey_5c8a5,Elizabeth,Bailey,Elizabeth_Bailey@stephenson-arnold.com,20218071,True,19630101
cruz_a17c6,James,Cruz,James_Cruz@bender-harris.com,18758595,True,19500730
levy_1b739,Kelly,Levy,Kelly_Levy@barajas.com,74468255,True,19940805
burton_e624b,Thomas,Burton,Thomas_Burton@dunn-avery.net,14613071,True,19750419
garcia_ea09c,Kimberly,Garcia,Kimberly_Garcia@tapia.com,41397407,True,19630801
peterson_c41f4,Paul,Peterson,Paul_Peterson@bullock.com,59148863,True,20021225
reilly_1c829,Michael,Reilly,Michael_Reilly@cooper.net,33876967,True,19720514
martinez_d6f6b,Alejandra,Martinez,Alejandra_Martinez@jones.com,87381327,True,19791221
sanders_e813f,Timothy,Sanders,Timothy_Sanders@harrell.com,63453583,True,19521003
little_9b0c8,Latoya,Little,Latoya_Little@martinez.com,43404335,True,19780708
harvey_119d2,Sarah,Harvey,Sarah_Harvey@martin-smith.com,58520471,True,19600331
hansen_df29c,Aaron,Hansen,Aaron_Hansen@mckinney.com,51639887,True,19980128
ortiz_84be0,Melissa,Ortiz,Melissa_Ortiz@lee-malone.com,49637727,True,19580729
hernandez_bcb5b,Brooke,Hernandez,Brooke_Hernandez@benitez.com,97309975,True,19911114
livingston_19295,Lisa,Livingston,Lisa_Livingston@glover.com,20519415,True,19500423
mason_6bc9b,Eugene,Mason,Eugene_Mason@gardner.com,47810855,True,19781213
cunningham_12799,Daniel,Cunningham,Daniel_Cunningham@cooper.com,78657983,True,19730326
smith_894dd,Alex,Smith,Alex_Smith@johnson.com,58965703,True,20020503
jennings_18c5d,Charles,Jennings,Charles_Jennings@cochran.net,70913863,True,19750714
vargas_ed53f,Jessica,Vargas,Jessica_Vargas@miller-price.net,48925903,True,19810517
clark_92a9e,Olivia,Clark,Olivia_Clark@wade-roberson.com,67793735,True,19741001
allen_3a518,Ricky,Allen,Ricky_Allen@roberts-mendoza.com,61433467,True,19610619
carney_0d73a,Cathy,Carney,Cathy_Carney@williams.net,31104151,True,19970522
spencer_c60e6,Ashley,Spencer,Ashley_Spencer@anderson.com,68555775,True,19910126
strickland_c68d2,Victoria,Strickland,Victoria_Strickland@mccarthy-stewart.com,31595971,True,19530730
smith_5b12e,Patrick,Smith,Patrick_Smith@molina.net,76398335,True,19720129
west_15f40,Samuel,West,Samuel_West@johnson-ryan.net,50354899,True,20020627
baldwin_b3439,Haley,Baldwin,Haley_Baldwin@bush-wolfe.com,31940631,True,19650413
wilson_51998,Alexander,Wilson,Alexander_Wilson@barron-garcia.com,13893319,True,19881111
cole_2b0a2,April,Cole,April_Cole@vargas.com,65186503,True,19610622
riley_3e1f8,Holly,Riley,Holly_Riley@stokes.com,55620431,True,19740728
poole_23f28,Jeffrey,Poole,Jeffrey_Poole@cross.com,82077439,True,19570204
poole_46b07,Rachel,Poole,Rachel_Poole@jones.net,35095087,True,19760807
ward_57d0c,Sheena,Ward,Sheena_Ward@wilson-mcbride.com,96834175,True,19730926
smith_8477e,Cynthia,Smith,Cynthia_Smith@smith.com,48760255,True,19510509
clayton_6ad7d,Kevin,Clayton,Kevin_Clayton@miller.com,25081071,True,19750807
smith_774d5,Deanna,Smith,Deanna_Smith@cooke.com,50395271,True,19510416
coleman_db259,Sarah,Coleman,Sarah_Coleman@novak.com,37411775,True,19500119
butler_19820,Kurt,Butler,Kurt_Butler@taylor.net,43394675,True,19640621
becker_dd317,Cody,Becker,Cody_Becker@hansen.com,76003567,True,19601216
miller_d8bf5,Molly,Miller,Molly_Miller@king-kelly.net,99947663,True,19770511
bailey_fac5d,Craig,Bailey,Craig_Bailey@hancock-brown.com,33032303,True,19970713
gray_00c0a,Patricia,Gray,Patricia_Gray@dawson.com,18281751,True,19660319
rivera_6a7ce,Robert,Rivera,Robert_Rivera@gibson.com,35020847,True,19500722
lewis_afe1c,Michelle,Lewis,Michelle_Lewis@wiggins-thornton.com,64700455,True,19830121
owens_4cd37,John,Owens,John_Owens@callahan.com,71230983,True,19670424
smith_313dd,Sarah,Smith,Sarah_Smith@kirk.com,22702359,True,19680804
lucas_b2c40,Nancy,Lucas,Nancy_Lucas@aguilar.com,91477863,True,19830607
murray_a46c7,Christina,Murray,Christina_Murray@collins-day.com,35027583,True,19791217
berry_c02ad,Emma,Berry,Emma_Berry@charles.com,34612959,True,19940107
gross_2742d,Christopher,Gross,Christopher_Gross@grimes.net,49217831,True,20031114
hawkins_8aa4f,Jason,Hawkins,Jason_Hawkins@adams-hunter.com,31750255,True,19541001
rodriguez_84bf3,Jeffrey,Rodriguez,Jeffrey_Rodriguez@johnson-white.com,29947599,True,19690718
miller_84bb3,Christina,Miller,Christina_Miller@marshall-lucas.com,92153503,True,19530425
miller_208dd,Maria,Miller,Maria_Miller@roberts.com,86317751,True,19941221
davis_3a81f,Eileen,Davis,Eileen_Davis@knox.com,19544735,True,19520404
kelley_336ba,John,Kelley,John_Kelley@george-barker.com,99919107,True,19960928
miller_4e2a7,Harry,Miller,Harry_Miller@warner-jackson.com,63478047,True,19890613
montes_29eaa,Ellen,Montes,Ellen_Montes@sellers.com,16519759,True,19610714
mclean_3b78d,Gregory,Mclean,Gregory_Mclean@valencia.com,38860951,True,19610801
spencer_071ed,Angela,Spencer,Angela_Spencer@lopez.com,18410783,True,19980502
price_35238,Christina,Price,Christina_Price@kennedy-tran.com,65381695,True,19860805
morris_05ed3,Michael,Morris,Michael_Morris@nelson.net,62959695,True,19790924
randall_fe7f8,Amber,Randall,Amber_Randall@boyd-freeman.net,60506343,True,19520910
morris_f9657,Matthew,Morris,Matthew_Morris@boyle-novak.com,49822607,True,19981111
blackburn_0c5fb,Cindy,Blackburn,Cindy_Blackburn@bolton.net,86098071,True,20001008
jacobson_496c2,Matthew,Jacobson,Matthew_Jacobson@bishop-thomas.com,99110191,True,19510412
jones_c6f5d,Stacy,Jones,Stacy_Jones@perez.com,71998399,True,19940909
zimmerman_881d6,Scott,Zimmerman,Scott_Zimmerman@fischer.com,70071511,True,19560130
silva_80f7f,Dakota,Silva,Dakota_Silva@barker-miller.com,41853599,True,19791007
spencer_d5b01,Jacob,Spencer,Jacob_Spencer@jefferson.net,41992359,True,19620226
hudson_9d670,Barbara,Hudson,Barbara_Hudson@robinson-jones.com,33194551,True,19971028
peterson_c30b8,Sherry,Peterson,Sherry_Peterson@dillon-barber.com,91916671,True,19691126
bird_86853,Austin,Bird,Austin_Bird@young-stout.com,53713179,True,19760515
oliver_94edc,Matthew,Oliver,Matthew_Oliver@mitchell.com,14016935,True,19720423
maddox_6974f,Roger,Maddox,Roger_Maddox@richards.com,86988519,True,19810426
higgins_bc84f,Kristin,Higgins,Kristin_Higgins@leonard.com,58071267,True,19981219
johnson_e0381,Gilbert,Johnson,Gilbert_Johnson@jones.com,97191811,True,19850923
gutierrez_c61e8,Bryan,Gutierrez,Bryan_Gutierrez@short-huerta.net,84795039,True,19881118
schultz_5fff4,Peter,Schultz,Peter_Schultz@shah.com,78301895,True,19570829
smith_473c4,Karen,Smith,Karen_Smith@washington.com,91036383,True,19630505
burke_ea689,Justin,Burke,Justin_Burke@johnson.com,43401655,True,19961202
ramsey_4c3e8,Sarah,Ramsey,Sarah_Ramsey@hayes.com,63376279,True,19640622
chang_e27c8,Michael,Chang,Michael_Chang@watkins.com,99632783,True,19900209
hughes_bf91b,Pamela,Hughes,Pamela_Hughes@rivas-garza.com,32117783,True,19570116
morris_25892,Jimmy,Morris,Jimmy_Morris@hall-watkins.com,31836895,True,19640120
romero_e5750,Lauren,Romero,Lauren_Romero@davis.com,50100783,True,20020425
jones_2b07e,Adam,Jones,Adam_Jones@kline-reeves.com,83246639,True,19570107
kidd_ad962,Michelle,Kidd,Michelle_Kidd@klein-goodman.com,80511627,True,19500222
murphy_5dc4e,Matthew,Murphy,Matthew_Murphy@graham.com,18189831,True,19600216
arroyo_a6982,Jessica,Arroyo,Jessica_Arroyo@flores-evans.com,24971015,True,20021019
zuniga_a2d94,Caleb,Zuniga,Caleb_Zuniga@stone.net,36180711,True,19681028
walton_dc147,Kenneth,Walton,Kenneth_Walton@anderson.com,93358011,True,19950309
moreno_8048c,Cheyenne,Moreno,Cheyenne_Moreno@hampton.com,61341887,True,19600912
lopez_93fe3,Courtney,Lopez,Courtney_Lopez@sanders.com,35323391,True,19710810
williamson_b834c,Kenneth,Williamson,Kenneth_Williamson@perez.com,36169599,True,19541003
armstrong_e8b45,William,Armstrong,William_Armstrong@richards.net,25119611,True,19641118
browning_1f631,Bruce,Browning,Bruce_Browning@robertson-baldwin.com,22984503,True,19631113
gilbert_cba39,Shannon,Gilbert,Shannon_Gilbert@brown-schaefer.com,34472903,True,19920613
brown_cde99,Amanda,Brown,Amanda_Brown@williams.com,52400391,True,19541218
mitchell_31c89,Pedro,Mitchell,Pedro_Mitchell@sims.com,99595743,True,19610927
gomez_010a6,Riley,Gomez,Riley_Gomez@hoffman.com,20838807,True,19810211
price_e8f96,Shelby,Price,Shelby_Price@fuller.net,74350543,True,19860807
harris_fc222,Scott,Harris,Scott_Harris@mullins.com,36307567,True,19901214
franklin_f8d94,Bonnie,Franklin,Bonnie_Franklin@gillespie.com,22008807,True,19880714
morris_73a97,Ashley,Morris,Ashley_Morris@marshall.net,13085855,True,20021001
stark_91945,Christopher,Stark,Christopher_Stark@blackwell.com,94716219,True,19710307
johnson_8fef3,Vanessa,Johnson,Vanessa_Johnson@barber.com,89236567,True,19601019
jensen_676e2,Jack,Jensen,Jack_Jensen@kent-williamson.net,93571087,True,19601229
armstrong_f79a4,Daniel,Armstrong,Daniel_Armstrong@brown.com,18991247,True,19820714
donovan_6c619,Susan,Donovan,Susan_Donovan@jordan-anderson.com,85222335,True,19690130
serrano_1ec7e,Michael,Serrano,Michael_Serrano@turner-maldonado.com,12792543,True,19820711
powell_4f74d,Michael,Powell,Michael_Powell@mccall.com,63894311,True,19941127
lowe_73be1,Alexander,Lowe,Alexander_Lowe@morris.com,93074023,True,19610508
vega_91945,Jennifer,Vega,Jennifer_Vega@jenkins.net,66551251,True,19710307
wilson_6845c,Aaron,Wilson,Aaron_Wilson@burke-benton.net,75053391,True,19870517
lee_d3d5c,Samuel,Lee,Samuel_Lee@gardner-rodriguez.net,57636831,True,19740902
weaver_feb81,Jennifer,Weaver,Jennifer_Weaver@patterson.com,74152151,True,19781015
ortega_17e39,Timothy,Ortega,Timothy_Ortega@ramos.com,59312963,True,19980104
hamilton_f2276,Leonard,Hamilton,Leonard_Hamilton@brown.com,76082775,True,19880229
phillips_608c9,Kathy,Phillips,Kathy_Phillips@floyd.com,57829247,True,19841216
simmons_cd946,Danny,Simmons,Danny_Simmons@morales.com,26313911,True,19631013
jimenez_5ed59,Jennifer,Jimenez,Jennifer_Jimenez@morgan.com,59592559,True,19921121
lopez_7b621,Penny,Lopez,Penny_Lopez@young-huang.net,99596291,True,19540925
lawson_c755d,Victoria,Lawson,Victoria_Lawson@snyder.com,24045823,True,19541204
martinez_bc0fc,Michael,Martinez,Michael_Martinez@hogan.net,40271975,True,19521107
sullivan_61495,Samantha,Sullivan,Samantha_Sullivan@cunningham-williams.com,64913455,True,19600423
jones_f903f,Paul,Jones,Paul_Jones@clark-irwin.com,91301999,True,19940215
tran_40aaa,Danielle,Tran,Danielle_Tran@mann.com,85246679,True,19880826
freeman_35a3d,Jeff,Freeman,Jeff_Freeman@guzman.com,13590655,True,20030520
jones_cdd9f,Marissa,Jones,Marissa_Jones@lewis.net,32094119,True,19580806
roy_57ef7,Elijah,Roy,Elijah_Roy@jones-baldwin.com,57159015,True,19870705
simpson_7383f,Courtney,Simpson,Courtney_Simpson@preston-cantrell.com,77314887,True,19731103
hopkins_56d12,Kimberly,Hopkins,Kimberly_Hopkins@adams.com,67364511,True,19931022
king_4ae33,William,King,William_King@cline-allen.com,21561215,True,19841115
robertson_c09d4,Stephanie,Robertson,Stephanie_Robertson@owen-rodriguez.com,75259367,True,20020805
hill_bd6cc,Rickey,Hill,Rickey_Hill@parker-cohen.com,56465207,True,19640430
stewart_40f40,Erika,Stewart,Erika_Stewart@solis.com,83552695,True,19851226
allen_c7f06,Gregory,Allen,Gregory_Allen@stanley.net,48871907,True,19780122
johnson_5dcd5,Christina,Johnson,Christina_Johnson@clark.com,30262983,True,20010622
wells_5c2c0,Kelli,Wells,Kelli_Wells@jones.com,27406215,True,19540308
archer_c6232,Nathan,Archer,Nathan_Archer@gray.com,72954367,True,19560723
kline_6fe75,Michael,Kline,Michael_Kline@phelps-alvarez.com,20968343,True,19650623
rodriguez_1eec6,Joshua,Rodriguez,Joshua_Rodriguez@thornton-benitez.com,27953967,True,19530317
rodriguez_a7ea3,James,Rodriguez,James_Rodriguez@logan.com,50981423,True,19810717
ortega_7f647,Robert,Ortega,Robert_Ortega@perez.com,57040695,True,19600316
ruiz_e89df,Teresa,Ruiz,Teresa_Ruiz@holmes.com,22432447,True,19510904
mejia_10b0a,Madison,Mejia,Madison_Mejia@sims.com,73824679,True,19530323
bailey_b3b3b,James,Bailey,James_Bailey@flynn.net,26146743,True,19861007
perry_e8625,Mary,Perry,Mary_Perry@williams.net,57879711,True,19730808
jones_85733,Crystal,Jones,Crystal_Jones@webb.com,39588047,True,19620914
brown_9035e,Aaron,Brown,Aaron_Brown@yates.com,43815191,True,19860502
contreras_91010,Brian,Contreras,Brian_Contreras@hill.net,89794399,True,19650708
barajas_c09f8,Tanya,Barajas,Tanya_Barajas@davis.com,92793871,True,19740430
frost_ddfa1,Ashley,Frost,Ashley_Frost@brown-hill.com,16473423,True,19521020
rasmussen_0fcc4,Samantha,Rasmussen,Samantha_Rasmussen@stokes-leon.com,26634223,True,19940621
weber_b3165,Erica,Weber,Erica_Weber@harris-fox.com,20074939,True,19930809
campbell_fe47b,Amanda,Campbell,Amanda_Campbell@parker.com,21954431,True,19810324
martin_92713,Vincent,Martin,Vincent_Martin@wright-lee.com,55457087,True,19840124
crawford_a2a35,Tony,Crawford,Tony_Crawford@moore.com,15997263,True,19870818
sullivan_7d828,Randy,Sullivan,Randy_Sullivan@perez.net,15665967,True,19611025
thompson_77cc8,Kimberly,Thompson,Kimberly_Thompson@brewer-walters.net,88531623,True,20001211
hopkins_cfbfa,William,Hopkins,William_Hopkins@snyder.com,12277875,True,20010104
compton_395a9,Martin,Compton,Martin_Compton@morgan.com,42037887,True,19840602
gross_9a287,Anthony,Gross,Anthony_Gross@pratt.com,92193723,True,19660423
brown_8baf8,Tracy,Brown,Tracy_Brown@joyce.com,26044711,True,19720823
stanley_a95cd,James,Stanley,James_Stanley@beltran.com,51351887,True,20011008
jenkins_e5537,Norma,Jenkins,Norma_Jenkins@larson.com,78071863,True,19570323
preston_d0922,Leslie,Preston,Leslie_Preston@johns.com,71892959,True,19720510
valdez_ddc44,Crystal,Valdez,Crystal_Valdez@stewart-randolph.com,65598575,True,20030802
parker_311d6,Jay,Parker,Jay_Parker@fowler.net,57583783,True,19930930
williams_44d67,Lance,Williams,Lance_Williams@williams.net,19310567,True,19730807
taylor_10cf5,Carl,Taylor,Carl_Taylor@melendez.com,27075015,True,19750112
dean_33bcc,Brenda,Dean,Brenda_Dean@allison-hill.com,55037019,True,19690215
allen_b02ca,Kathleen,Allen,Kathleen_Allen@cook.com,38829559,True,19860113
olsen_98e22,Patricia,Olsen,Patricia_Olsen@haynes-blankenship.com,70673187,True,19981124
lamb_5dc6d,Marie,Lamb,Marie_Lamb@hampton.com,26841263,True,19790410
flores_a43fb,Nathan,Flores,Nathan_Flores@gibbs.net,86883135,True,19790409
caldwell_aa013,Ashley,Caldwell,Ashley_Caldwell@mason-bryant.com,13420663,True,19880903
frank_97c93,David,Frank,David_Frank@reyes-thomas.com,31192639,True,19680928
boyle_b1a10,Heather,Boyle,Heather_Boyle@lopez.com,91679575,True,20030301
martin_caab2,Renee,Martin,Renee_Martin@crawford-walker.com,55803823,True,19810421
parker_0793e,Keith,Parker,Keith_Parker@moore.com,40120471,True,19640826
blake_ed155,Ernest,Blake,Ernest_Blake@long.com,27155511,True,19990621
levy_bef91,Melissa,Levy,Melissa_Levy@arroyo.com,51842935,True,19500330
powell_fe4b6,Brandon,Powell,Brandon_Powell@craig-gonzales.net,43375815,True,19760606
holloway_485d0,Lisa,Holloway,Lisa_Holloway@brown.com,73751431,True,19720102
stone_1d9aa,Kimberly,Stone,Kimberly_Stone@murphy-bryant.com,25323999,True,19940512
jones_575ba,Adam,Jones,Adam_Jones@ashley.com,55082935,True,19730316
tucker_0eb60,Richard,Tucker,Richard_Tucker@murphy.com,53838335,True,19710625
andersen_61066,Elizabeth,Andersen,Elizabeth_Andersen@baker.com,69096535,True,19740123
lutz_3427f,Destiny,Lutz,Destiny_Lutz@thompson-wright.com,87853607,True,19940412
allen_54dd1,Brandy,Allen,Brandy_Allen@hardy-griffin.com,92130799,True,19810113
decker_0c2ca,Stephanie,Decker,Stephanie_Decker@barrett.net,92626639,True,19770905
keller_80065,Michelle,Keller,Michelle_Keller@johnson.com,56139711,True,19510607
yates_0613f,Stacey,Yates,Stacey_Yates@lewis.com,30115967,True,19921208
lee_f9df7,Sue,Lee,Sue_Lee@rojas.com,97367575,True,19860829
long_850ab,Anna,Long,Anna_Long@coleman.com,52566967,True,19740316
watson_6dc0c,Annette,Watson,Annette_Watson@brown-brennan.com,67851175,True,19580423
perez_6ff11,Robert,Perez,Robert_Perez@anderson-shaw.net,38876643,True,19690528
thomas_6cc50,James,Thomas,James_Thomas@torres.net,58718239,True,19520509
olson_50aa7,Kelli,Olson,Kelli_Olson@campbell.net,50265023,True,19960723
reid_1bdd4,Becky,Reid,Becky_Reid@vargas.net,37025287,True,19751027
shaw_afe1c,Wesley,Shaw,Wesley_Shaw@henderson-gibson.com,76819471,True,19830121
boyd_94bd7,Pamela,Boyd,Pamela_Boyd@freeman.com,25030751,True,19680628
lewis_644d9,Jeremy,Lewis,Jeremy_Lewis@murray.com,44159519,True,19530107
garza_be6d1,Jennifer,Garza,Jennifer_Garza@herrera-klein.com,31999455,True,19890603
wilson_0ce7d,Larry,Wilson,Larry_Wilson@perry.com,56158527,True,19670221
thompson_9e058,Joshua,Thompson,Joshua_Thompson@morrow.com,98999803,True,19840830
williams_874b3,Dennis,Williams,Dennis_Williams@rivas.com,93993079,True,19661107
morton_e4bde,Karen,Morton,Karen_Morton@romero.com,36838791,True,19910410
perry_b530f,Joseph,Perry,Joseph_Perry@tucker.com,16254071,True,19510616
herman_0ab62,Heather,Herman,Heather_Herman@williams-lindsey.com,97877423,True,19710606
lopez_ea347,Laura,Lopez,Laura_Lopez@rodriguez.com,72627367,True,19901221
webb_5b693,Joel,Webb,Joel_Webb@solis-swanson.com,37839071,True,19891009
malone_73ad1,Donna,Malone,Donna_Malone@brown.com,89038207,True,19521007
barnes_f462c,Reginald,Barnes,Reginald_Barnes@walker-robinson.com,19884399,True,19730214
house_3cb13,Brett,House,Brett_House@rose-clarke.com,98114087,True,19841126
weaver_201e1,Robert,Weaver,Robert_Weaver@young-leonard.com,39131199,True,19820218
martinez_204f4,Beth,Martinez,Beth_Martinez@johnson.com,87909191,True,19681225
small_09b68,Nicole,Small,Nicole_Small@nolan-randall.com,82553335,True,19570414
cline_d04f7,Anthony,Cline,Anthony_Cline@rivera-collier.net,64231171,True,19890125
ware_0b5e6,Spencer,Ware,Spencer_Ware@montgomery-lane.com,74599951,True,19801009
erickson_3df9d,Willie,Erickson,Willie_Erickson@bartlett.com,53673855,True,19910110
nguyen_6a5e7,Daniel,Nguyen,Daniel_Nguyen@mccall.com,37673823,True,19590903
brown_1d91b,Tiffany,Brown,Tiffany_Brown@stout-thompson.com,27755951,True,20030217
martinez_7564a,Leonard,Martinez,Leonard_Martinez@mcbride.com,14452319,True,19560922
forbes_60d80,Thomas,Forbes,Thomas_Forbes@beck.com,25036935,True,19591023
stephens_5a6e3,Robert,Stephens,Robert_Stephens@lopez.com,92784815,True,20000619
mayo_d6f2e,Kevin,Mayo,Kevin_Mayo@pope-jones.com,76234311,True,19761029
chen_7d3b1,Daniel,Chen,Daniel_Chen@little.com,46750383,True,19520716
dalton_32ce4,Samuel,Dalton,Samuel_Dalton@marquez.com,75194711,True,19960916
bennett_dcbc8,Heather,Bennett,Heather_Bennett@hamilton-blair.com,64795847,True,20020105
king_89592,Joshua,King,Joshua_King@hale.net,99342223,True,20000106
moyer_839f3,Randy,Moyer,Randy_Moyer@jennings-brown.com,32958939,True,20030617
blake_e7660,Crystal,Blake,Crystal_Blake@parker.com,97878511,True,19701117
combs_2d19f,Heather,Combs,Heather_Combs@powell.com,18518647,True,19590428
evans_62a52,Amanda,Evans,Amanda_Evans@cox.com,92559519,True,19590224
day_69b70,Sergio,Day,Sergio_Day@guzman-garrett.com,27091295,True,19510531
boyd_9e514,Julie,Boyd,Julie_Boyd@white-george.com,47949079,True,19690906
barnes_bc727,Tara,Barnes,Tara_Barnes@shepherd.com,42232079,True,19540801
watkins_c9964,Logan,Watkins,Logan_Watkins@hernandez.com,87081215,True,20000511
ortiz_c84c2,Steven,Ortiz,Steven_Ortiz@hamilton.com,15073183,True,19670605
marquez_7aa36,Lisa,Marquez,Lisa_Marquez@day-smith.com,18443671,True,19710326
hughes_0c3d2,Sergio,Hughes,Sergio_Hughes@cardenas.com,86954943,True,19810309
rojas_1f285,Destiny,Rojas,Destiny_Rojas@stanton.com,27351983,True,19860121
lewis_07faf,Danny,Lewis,Danny_Lewis@turner.com,41036747,True,19521225
martin_82381,Jennifer,Martin,Jennifer_Martin@moore.com,83212175,True,19830527
chandler_4ab75,Arthur,Chandler,Arthur_Chandler@martin.com,18438007,True,19610210
crosby_9b4b3,Cheryl,Crosby,Cheryl_Crosby@bowman-potter.com,54032091,True,19580930
hudson_01af1,Ronald,Hudson,Ronald_Hudson@carson.com,66192423,True,19511003
lee_d7999,Jennifer,Lee,Jennifer_Lee@guerra-lopez.com,35305031,True,19500104
yoder_70108,Gregory,Yoder,Gregory_Yoder@robinson-johnson.com,75705319,True,19530620
harmon_69598,Carolyn,Harmon,Carolyn_Harmon@watts-horn.com,55977599,True,19980124
harrell_7257b,Christopher,Harrell,Christopher_Harrell@lindsey.com,52999479,True,19700630
johnson_a67f3,Kevin,Johnson,Kevin_Johnson@rogers.com,15154639,True,19930802
harrison_087c8,Michael,Harrison,Michael_Harrison@franklin.com,29087871,True,19510819
moore_c62aa,Terry,Moore,Terry_Moore@barker-ayers.com,19828167,True,19870615
rogers_656af,James,Rogers,James_Rogers@green.net,65821255,True,19930704
tran_b0eca,Kathleen,Tran,Kathleen_Tran@wilson.net,20044927,True,19740211
conway_ae427,Jacqueline,Conway,Jacqueline_Conway@robinson-carson.com,91842383,True,19710617
clark_35061,Chad,Clark,Chad_Clark@hodges.com,54277383,True,19610919
cole_92aa4,Maxwell,Cole,Maxwell_Cole@larson.com,41796463,True,19510203
williamson_2b72a,Bethany,Williamson,Bethany_Williamson@flores.com,40227935,True,19540310
wright_f1b73,Joseph,Wright,Joseph_Wright@powell.net,40768583,True,19570521
rogers_3818b,Thomas,Rogers,Thomas_Rogers@banks-perkins.net,36072875,True,19970819
lewis_11948,Jenny,Lewis,Jenny_Lewis@flores.com,62475987,True,19970706
bolton_06e0a,Heidi,Bolton,Heidi_Bolton@spencer.com,58079023,True,19560616
lewis_e0082,Daniel,Lewis,Daniel_Lewis@robertson.com,48084439,True,19770205
ramirez_63293,Dale,Ramirez,Dale_Ramirez@patton.com,59875791,True,19550323
sharp_7f0b3,Carol,Sharp,Carol_Sharp@garcia-lamb.com,18014567,True,19750312
buck_542b9,Joseph,Buck,Joseph_Buck@jacobs.com,34270063,True,19520311
anderson_542fb,Lynn,Anderson,Lynn_Anderson@williams-carter.com,75488911,True,19960113
andrews_bbb39,Emily,Andrews,Emily_Andrews@reyes-singh.com,20594859,True,19550427
harris_526ca,Sarah,Harris,Sarah_Harris@thomas-sanchez.com,52442775,True,20010530
owens_620f1,Victor,Owens,Victor_Owens@collins.com,53064383,True,19960815
koch_43971,Kimberly,Koch,Kimberly_Koch@rodriguez.net,35893839,True,19870125
obrien_00e34,Allison,Obrien,Allison_Obrien@bailey-sanders.com,81154631,True,19620423
rogers_160f6,John,Rogers,John_Rogers@oneill.com,21046575,True,19710905
bailey_13f67,Laura,Bailey,Laura_Bailey@snyder.com,56551543,True,19700811
collins_120bd,Janet,Collins,Janet_Collins@farrell.com,89424095,True,19840721
lawson_cbf97,Kristin,Lawson,Kristin_Lawson@salinas.com,36661711,True,19760111
castaneda_7660a,James,Castaneda,James_Castaneda@miller-hart.com,64715807,True,19640126
middleton_02dfc,Michael,Middleton,Michael_Middleton@williams-zamora.com,85114431,True,19810804
ortiz_66abd,Robert,Ortiz,Robert_Ortiz@saunders-hunter.com,80296223,True,19761108
harper_709ac,Connie,Harper,Connie_Harper@lewis.com,21369119,True,19950627
burns_f2b3a,Debbie,Burns,Debbie_Burns@salinas.com,95570935,True,19830806
preston_b6298,Gabriel,Preston,Gabriel_Preston@black.com,88336263,True,19961120
hodges_0c95a,Steven,Hodges,Steven_Hodges@sanchez-phillips.com,65795715,True,19510903
orozco_02d2b,Brandon,Orozco,Brandon_Orozco@greene.com,59988495,True,19870717
nguyen_6f546,Kari,Nguyen,Kari_Nguyen@farley.com,47980591,True,19991119
hill_2c87a,Brittany,Hill,Brittany_Hill@rogers-hoffman.com,90817791,True,19870605
martinez_a7c33,Carrie,Martinez,Carrie_Martinez@hendrix.com,96107743,True,19740124
hill_e24f9,Jeffery,Hill,Jeffery_Hill@cook-lloyd.com,26071551,True,19591223
white_e9960,Linda,White,Linda_White@moore.com,84876711,True,19751015
spencer_c21d7,Jake,Spencer,Jake_Spencer@murphy.com,53533879,True,20020509
chan_f9d1e,Joseph,Chan,Joseph_Chan@hutchinson-gutierrez.com,19544079,True,19660922
dominguez_40133,Sara,Dominguez,Sara_Dominguez@delgado.com,69114407,True,19860220
ali_a2746,Kathleen,Ali,Kathleen_Ali@horn-rogers.com,45338687,True,19960602
stephens_baaae,Danielle,Stephens,Danielle_Stephens@miller.net,16838823,True,19610929
wolf_dbc29,Ann,Wolf,Ann_Wolf@wilkins.com,26916187,True,19801112
schaefer_ac7f3,Brianna,Schaefer,Brianna_Schaefer@nelson-mcmahon.com,34700887,True,19761203
morris_9ba0c,Angela,Morris,Angela_Morris@murray.com,89409391,True,19760702
kelley_f3101,Cristian,Kelley,Cristian_Kelley@taylor-colon.net,22272647,True,19510108
turner_a2281,Jeffrey,Turner,Jeffrey_Turner@robinson.com,30152387,True,19840112
perry_1c3c6,Jesse,Perry,Jesse_Perry@marsh.net,45471479,True,19691013
cruz_7bf56,Ricardo,Cruz,Ricardo_Cruz@salazar-manning.com,83436279,True,19780205
smith_69b70,Jessica,Smith,Jessica_Smith@walsh-steele.com,97984639,True,19510531
long_f0fca,Brenda,Long,Brenda_Long@carter.net,45992583,True,19510914
taylor_757b6,Megan,Taylor,Megan_Taylor@montgomery.com,12610975,True,19930510
morales_3cabc,Kelly,Morales,Kelly_Morales@sanchez.com,44799815,True,19800227
johnson_5c594,Sheri,Johnson,Sheri_Johnson@lucas.com,34118127,True,19880422
pacheco_7ccf5,Lori,Pacheco,Lori_Pacheco@ayala.com,94662495,True,19620630
schmidt_be25c,Sandra,Schmidt,Sandra_Schmidt@herrera.com,50638143,True,19590711
hill_2b641,Rachel,Hill,Rachel_Hill@gutierrez.com,55824367,True,19541202
case_1fe51,Emily,Case,Emily_Case@lewis.com,90216215,True,19850508
alvarez_af321,Seth,Alvarez,Seth_Alvarez@conrad.com,90929927,True,19800108
reyes_0a636,Jose,Reyes,Jose_Reyes@garcia.com,94563263,True,19700929
le_44e84,Zachary,Le,Zachary_Le@whitaker.com,56441999,True,19851028
anthony_91ec3,Rhonda,Anthony,Rhonda_Anthony@lawson.com,12850551,True,19740915
hill_0d4d9,Joseph,Hill,Joseph_Hill@rodriguez-newton.com,89902687,True,20020923
davis_dbcb2,Erin,Davis,Erin_Davis@sanchez.net,22992863,True,19600917
brown_1ebf8,Lucas,Brown,Lucas_Brown@miller.com,34675679,True,19891101
garcia_72e9b,William,Garcia,William_Garcia@powell.com,25729991,True,19850912
swanson_b3ea5,Lauren,Swanson,Lauren_Swanson@pena-pierce.com,85204407,True,19610921
frank_4dfb9,John,Frank,John_Frank@martin.com,42691023,True,19500519
perry_d9da1,Tony,Perry,Tony_Perry@lewis-holland.com,11231827,True,19730910
schmidt_54bf2,Nicole,Schmidt,Nicole_Schmidt@stephens.com,86157423,True,19651109
gray_15cd6,Nathan,Gray,Nathan_Gray@scott-gonzalez.com,48983767,True,19960618
delgado_f68ba,Nichole,Delgado,Nichole_Delgado@dixon-cruz.com,60338223,True,19720305
ford_36701,Raven,Ford,Raven_Ford@mcdowell.com,13519207,True,19960213
rodriguez_3a35b,Marcus,Rodriguez,Marcus_Rodriguez@jones.com,23424599,True,19690511
grimes_2efc5,Daniel,Grimes,Daniel_Grimes@keith.com,61518103,True,19821126
solomon_23bae,Samuel,Solomon,Samuel_Solomon@wolf.net,26166751,True,19871230
miller_5c2c0,Katrina,Miller,Katrina_Miller@grimes.com,81240247,True,19540308
conner_71970,Raymond,Conner,Raymond_Conner@oneal-johnson.com,95736583,True,19970128
garcia_14ae7,Cory,Garcia,Cory_Garcia@evans-benson.com,86555943,True,19550202
fuller_9068b,Lori,Fuller,Lori_Fuller@gordon.com,54288255,True,19680101
wilson_da57e,Corey,Wilson,Corey_Wilson@hoover-hernandez.com,39467535,True,19531011
dominguez_db12a,Denise,Dominguez,Denise_Dominguez@long.com,28235547,True,19660628
james_e7a3a,Holly,James,Holly_James@macdonald.com,62732175,True,19641104
mccarty_a4b9d,Alicia,Mccarty,Alicia_Mccarty@beasley.com,57669519,True,19820916
christian_90eb3,Zoe,Christian,Zoe_Christian@grant.com,22170983,True,19990319
watson_61db6,Nicholas,Watson,Nicholas_Watson@williams.com,72181751,True,19620403
ruiz_956d3,Shirley,Ruiz,Shirley_Ruiz@house-gay.com,23759691,True,19720812
wood_67f27,Victoria,Wood,Victoria_Wood@proctor-baker.com,13955959,True,19910622
knight_10192,Jillian,Knight,Jillian_Knight@davenport.com,20417711,True,19881108
fisher_27703,Ryan,Fisher,Ryan_Fisher@fletcher.com,63505855,True,19871030
howe_a7c94,Stephanie,Howe,Stephanie_Howe@allen.com,37283343,True,19630905
kim_c0e4a,Kenneth,Kim,Kenneth_Kim@duran.com,37818767,True,19990505
macias_a4116,Andrew,Macias,Andrew_Macias@douglas.com,28232535,True,19661013
jackson_89ce6,Lisa,Jackson,Lisa_Jackson@morton-lowe.com,82393203,True,19730114
huffman_fb25a,Elizabeth,Huffman,Elizabeth_Huffman@zamora.com,15486151,True,19580918
stone_9ab9f,Christina,Stone,Christina_Stone@medina.com,34449775,True,19930320
mata_53cfc,Miranda,Mata,Miranda_Mata@martin.com,61632395,True,19930124
merritt_696fd,Alexander,Merritt,Alexander_Merritt@butler.net,33574735,True,19800913
alexander_12438,Austin,Alexander,Austin_Alexander@ortiz.com,12638703,True,19950418
sanders_e9c2f,Kelly,Sanders,Kelly_Sanders@coleman.com,29703695,True,19520413
jones_fae51,Matthew,Jones,Matthew_Jones@arnold.com,98616991,True,20000615
juarez_ab899,Donna,Juarez,Donna_Juarez@sanders-briggs.com,60313867,True,19550612
david_39e9f,Sarah,David,Sarah_David@collier.net,97218247,True,19981216
barajas_62836,Carmen,Barajas,Carmen_Barajas@smith.com,34685455,True,19810526
johnson_5dcba,Angela,Johnson,Angela_Johnson@stewart.com,62439103,True,19840827
sparks_a67f3,Melissa,Sparks,Melissa_Sparks@sanchez-stevenson.com,27530863,True,19930802
serrano_c59d5,Rebecca,Serrano,Rebecca_Serrano@martin.com,48396631,True,19650726
hill_e971e,Katherine,Hill,Katherine_Hill@tran.com,37709951,True,19830918
hart_3b264,Kristin,Hart,Kristin_Hart@ortega.com,36255543,True,19661217
ho_73551,Jacqueline,Ho,Jacqueline_Ho@henry.com,75359367,True,19610131
rodriguez_c3743,Tyler,Rodriguez,Tyler_Rodriguez@nelson.com,38316039,True,19691123
knight_e66ab,Michael,Knight,Michael_Knight@davidson.com,71412263,True,19870408
arroyo_44022,Heather,Arroyo,Heather_Arroyo@martinez.com,36165719,True,19790709
larson_06714,Lori,Larson,Lori_Larson@flowers.com,38397103,True,19630807
lopez_b6ee8,Lindsay,Lopez,Lindsay_Lopez@foster.net,62519943,True,19820123
vazquez_13d09,David,Vazquez,David_Vazquez@davila-beck.com,57160871,True,19900612
salazar_cf1ae,Karen,Salazar,Karen_Salazar@wu-cohen.com,89394439,True,19950502
hicks_5e5f2,Sherry,Hicks,Sherry_Hicks@stout-nicholson.com,12514111,True,19611127
davila_1977b,Sarah,Davila,Sarah_Davila@nash.com,46685303,True,19790906
oneill_7278c,Karen,Oneill,Karen_Oneill@gomez.com,72265879,True,19921004
mills_f511a,Nicholas,Mills,Nicholas_Mills@williams.com,68844231,True,19631001
hull_d0117,Kim,Hull,Kim_Hull@king.com,69198923,True,20030619
montgomery_1a334,Jennifer,Montgomery,Jennifer_Montgomery@estrada-cole.com,53834071,True,19710715
bailey_13beb,Cynthia,Bailey,Cynthia_Bailey@oneill.com,48942719,True,19790825
wright_fefcf,John,Wright,John_Wright@harris.com,96650335,True,19831019
miller_d6676,Kelsey,Miller,Kelsey_Miller@anderson-green.com,45676055,True,19781107
brown_565a7,Sheila,Brown,Sheila_Brown@stevens-edwards.com,32490999,True,19821128
moore_a6529,Lisa,Moore,Lisa_Moore@ramos.com,99493567,True,19941119
haynes_dd4da,Brianna,Haynes,Brianna_Haynes@garcia.com,12153303,True,19980401
newman_15a27,Julian,Newman,Julian_Newman@haynes.com,49873159,True,19580313
ferguson_fb458,Thomas,Ferguson,Thomas_Ferguson@guzman.com,28787319,True,19591213
swanson_0be9c,David,Swanson,David_Swanson@gregory.com,16753799,True,20021220
dyer_7b5ce,Kathryn,Dyer,Kathryn_Dyer@walker.com,57873103,True,19591210
rodriguez_a9b99,Lauren,Rodriguez,Lauren_Rodriguez@soto.com,27106623,True,19931016
rodriguez_f1303,Jeffrey,Rodriguez,Jeffrey_Rodriguez@trujillo.com,56472143,True,19900331
anderson_7118f,Richard,Anderson,Richard_Anderson@white.com,66751511,True,19580607
huynh_1735e,Andrea,Huynh,Andrea_Huynh@dixon-smith.com,26799851,True,19890929
allen_013af,Brian,Allen,Brian_Allen@conway.com,93233303,True,19560101
peck_723a2,Jacqueline,Peck,Jacqueline_Peck@smith-miller.com,60512219,True,19590210
lee_7f12f,Jessica,Lee,Jessica_Lee@brown-baxter.com,89410823,True,19670124
allen_7a4f2,Martin,Allen,Martin_Allen@steele.com,99969439,True,20020924
mcdaniel_50061,Jason,Mcdaniel,Jason_Mcdaniel@wood.com,68591887,True,19650403
mitchell_06d3f,Angela,Mitchell,Angela_Mitchell@moreno-evans.com,50190223,True,19690105
sanchez_9f266,Derrick,Sanchez,Derrick_Sanchez@mitchell.com,97980535,True,19700424
ellis_b9ff0,Christine,Ellis,Christine_Ellis@blackwell.com,69393823,True,19980617
salinas_8ad1c,Alyssa,Salinas,Alyssa_Salinas@robbins.com,41363847,True,19980710
walsh_8cd29,Kevin,Walsh,Kevin_Walsh@hamilton.net,63251375,True,19920805
daniels_c934d,Stuart,Daniels,Stuart_Daniels@castro.com,38551603,True,20020317
knox_d64ed,Kenneth,Knox,Kenneth_Knox@zamora.com,47904991,True,19990626
mitchell_1bdd4,Steve,Mitchell,Steve_Mitchell@adkins-russell.com,98789479,True,19751027
hendricks_a352c,Craig,Hendricks,Craig_Hendricks@garcia-higgins.com,51721063,True,19951018
kerr_a02d8,Ricky,Kerr,Ricky_Kerr@gonzalez-martinez.com,43238807,True,19510625
aguilar_d3661,Gloria,Aguilar,Gloria_Aguilar@dorsey-donaldson.com,69773231,True,19690606
hall_0bc14,Gerald,Hall,Gerald_Hall@kim-chapman.com,53954823,True,19711007
knight_7e064,Alexander,Knight,Alexander_Knight@doyle.com,41639975,True,19740812
cross_36c08,Joseph,Cross,Joseph_Cross@mason-shaw.net,35750023,True,19530126
myers_1466d,Joel,Myers,Joel_Myers@smith-willis.net,49665991,True,19720920
mckee_92c0e,Michael,Mckee,Michael_Mckee@gordon.com,87409327,True,20000917
park_a639e,Roy,Park,Roy_Park@rodriguez-west.com,69451423,True,19551029
castro_49d90,Jonathan,Castro,Jonathan_Castro@sandoval.com,95059239,True,19700409
carroll_78391,Richard,Carroll,Richard_Carroll@massey-gardner.com,61422551,True,19610526
fletcher_e6fff,Michelle,Fletcher,Michelle_Fletcher@anderson.com,15665159,True,19831024
murphy_ecd95,Carol,Murphy,Carol_Murphy@lowe.com,54241135,True,19640317
russell_203e4,Michael,Russell,Michael_Russell@orozco.com,24280095,True,19680308
andrews_776f9,Shawna,Andrews,Shawna_Andrews@freeman.com,12022295,True,19981115
hernandez_3d7b1,Dana,Hernandez,Dana_Hernandez@jackson.com,50236391,True,19940126
harris_e20bd,Lauren,Harris,Lauren_Harris@long.com,42605007,True,19780811
morales_867f3,Sean,Morales,Sean_Morales@molina.com,50605207,True,20030920
dennis_14df3,Andrea,Dennis,Andrea_Dennis@smith-goodman.com,17153399,True,19570926
mendoza_fa60d,John,Mendoza,John_Mendoza@mahoney.com,85845135,True,19850519
krueger_b37c9,Jeremy,Krueger,Jeremy_Krueger@haley.com,37358751,True,19830715
mcdaniel_4de3f,Sierra,Mcdaniel,Sierra_Mcdaniel@mata.com,77274903,True,20030713
smith_85c0b,Wendy,Smith,Wendy_Smith@smith-webb.com,60349279,True,19700128
diaz_0bd1d,Leslie,Diaz,Leslie_Diaz@thomas-shelton.com,57506727,True,19570430
snyder_d3f05,Grant,Snyder,Grant_Snyder@gonzales.com,23872143,True,19731031
jenkins_27fe6,Brandi,Jenkins,Brandi_Jenkins@miller.com,79308567,True,19651228
haynes_18bc2,Amy,Haynes,Amy_Haynes@levy.com,41563455,True,19600314
roberts_d606a,John,Roberts,John_Roberts@hendricks.com,16513279,True,19540315
nelson_fde1d,Carrie,Nelson,Carrie_Nelson@archer-murphy.com,49242255,True,19510609
hood_bb6b9,Jacob,Hood,Jacob_Hood@evans.com,24204143,True,19560208
charles_02485,Tracy,Charles,Tracy_Charles@rowe.com,62200511,True,19931108
miller_28ba0,Heather,Miller,Heather_Miller@taylor.net,37035727,True,19530128
johnson_8eba4,Brandon,Johnson,Brandon_Johnson@ramirez.com,60862935,True,19851003
cook_a5121,Kevin,Cook,Kevin_Cook@cox-stewart.com,71239915,True,19780913
lane_24958,Derrick,Lane,Derrick_Lane@yates.com,65837219,True,19890916
nelson_f7fc3,Wendy,Nelson,Wendy_Nelson@day.com,59119063,True,19650108
ramsey_843ef,Jasmine,Ramsey,Jasmine_Ramsey@jackson.com,16447279,True,19500407
beltran_b42ac,William,Beltran,William_Beltran@bean.com,16495975,True,19850313
jefferson_84127,Albert,Jefferson,Albert_Jefferson@diaz-bailey.com,32919607,True,19841117
ferguson_8004f,Jessica,Ferguson,Jessica_Ferguson@young.com,78033235,True,19670129
stuart_42d02,Gerald,Stuart,Gerald_Stuart@strong.net,98421991,True,19950810
vaughan_40056,Jacob,Vaughan,Jacob_Vaughan@martinez.com,69615007,True,19830908
fuentes_0598c,Matthew,Fuentes,Matthew_Fuentes@miranda.com,33411447,True,19660329
carpenter_4acee,April,Carpenter,April_Carpenter@page.com,97274415,True,19710929
garcia_d383b,Rachel,Garcia,Rachel_Garcia@neal.com,87786127,True,19961021
madden_d8100,Patrick,Madden,Patrick_Madden@sanders.com,35389647,True,19941101
myers_96365,Angela,Myers,Angela_Myers@rodriguez.com,59457063,True,19740126
baker_726e6,Wayne,Baker,Wayne_Baker@brown.com,92067207,True,19671227
cox_c2d50,Haley,Cox,Haley_Cox@lewis.com,27911351,True,19641001
sanders_65a5d,Dan,Sanders,Dan_Sanders@klein-hernandez.com,30043759,True,19500813
boyle_7540a,Timothy,Boyle,Timothy_Boyle@roach.net,49033195,True,19840608
fisher_cd40a,Thomas,Fisher,Thomas_Fisher@phillips.com,99090999,True,19850415
lopez_d2a7d,Taylor,Lopez,Taylor_Lopez@jones-salazar.com,17889439,True,19570522
ortiz_fed1f,Cynthia,Ortiz,Cynthia_Ortiz@mathis.com,91591279,True,19590706
macias_76606,Jeffrey,Macias,Jeffrey_Macias@cox.com,98485783,True,19900310
ake_1697c,Brian,ake,Brian_Drake@hurst-price.net,83466007,True,19621102
austin_69ddb,Anna,Austin,Anna_Austin@mcguire.com,83758091,True,19991122
clark_b1291,Joel,Clark,Joel_Clark@mcclain.com,65159231,True,19580712
olson_4c0a6,Deborah,Olson,Deborah_Olson@greene.com,92118339,True,19570805
love_01195,Michael,Love,Michael_Love@rodriguez-martinez.net,41033095,True,20020321
jordan_26d57,Timothy,Jordan,Timothy_Jordan@young.com,77411263,True,19991228
leblanc_25e89,Kathy,Leblanc,Kathy_Leblanc@warren-gray.com,69067343,True,19810227
floyd_ee7c0,William,Floyd,William_Floyd@duran.com,27758191,True,19720713
hayden_44dbe,Angela,Hayden,Angela_Hayden@barry.net,28574351,True,19960623
hodges_c3205,Renee,Hodges,Renee_Hodges@hamilton.com,63899519,True,19871228
miller_b1a7b,Samantha,Miller,Samantha_Miller@mcmahon.com,41451647,True,19650406
orozco_32e5d,Lauren,Orozco,Lauren_Orozco@sanchez.com,71540231,True,20000126
johns_bd350,Destiny,Johns,Destiny_Johns@hayes.com,89233575,True,19731201
davis_d9ba6,Jennifer,Davis,Jennifer_Davis@nguyen.com,72513603,True,19931018
owen_1c1c8,April,Owen,April_Owen@sanchez.com,16552967,True,19670923
russell_eeae9,Evan,Russell,Evan_Russell@ferguson.net,75209343,True,19590120
cruz_a019e,Jordan,Cruz,Jordan_Cruz@clark-dickerson.com,42355435,True,19580323
castaneda_1e9a5,Brent,Castaneda,Brent_Castaneda@garcia.com,80875871,True,19580307
peters_62c2d,Gregory,Peters,Gregory_Peters@ray.net,78256247,True,19900902
malone_82057,Jason,Malone,Jason_Malone@allen.com,47278299,True,19550503
salazar_8a391,Matthew,Salazar,Matthew_Salazar@jones-jones.com,50895327,True,19991211
morris_ed007,Martin,Morris,Martin_Morris@garcia.com,47193651,True,19930810
martinez_fa7cb,Natasha,Martinez,Natasha_Martinez@west.com,55194439,True,19680418
powell_89e26,Charles,Powell,Charles_Powell@knight.com,47215879,True,19970906
powell_c3379,Brian,Powell,Brian_Powell@hernandez.com,67153775,True,19591115
sandoval_6592d,Laura,Sandoval,Laura_Sandoval@brown.com,17475623,True,19860913
gonzalez_bc4a4,Charles,Gonzalez,Charles_Gonzalez@navarro.com,94465511,True,19710404
caldwell_92d76,Nicholas,Caldwell,Nicholas_Caldwell@hurley-bass.com,42525999,True,19770714
wyatt_ac546,Brian,Wyatt,Brian_Wyatt@wright-young.com,63631399,True,19581211
garcia_a540e,Ryan,Garcia,Ryan_Garcia@vazquez-wells.com,26856535,True,19930815
anderson_a86c0,Megan,Anderson,Megan_Anderson@wilson-murillo.com,21736903,True,19700729
hughes_5403f,Pamela,Hughes,Pamela_Hughes@charles-costa.com,40181295,True,19870613
scott_af31d,Tiffany,Scott,Tiffany_Scott@davis.com,76272207,True,19861110
conway_b17c3,Stanley,Conway,Stanley_Conway@adams.com,71853567,True,19850905
petty_89b4f,Yolanda,Petty,Yolanda_Petty@dunlap-brown.com,69674519,True,19910125
oneal_1a34f,Emily,Oneal,Emily_Oneal@gutierrez.com,49152079,True,19580118
jones_7290c,Tara,Jones,Tara_Jones@blankenship.net,49275455,True,19850303
cohen_0fcc4,Christine,Cohen,Christine_Cohen@rich-bell.com,80232231,True,19940621
gutierrez_8e2f3,Daniel,Gutierrez,Daniel_Gutierrez@santana-bryan.com,93799931,True,19571103
williams_c20d3,George,Williams,George_Williams@patton.com,69991287,True,19810319
allen_8c000,Lori,Allen,Lori_Allen@valdez-phillips.com,28175727,True,20020916
kelly_0c61d,Charles,Kelly,Charles_Kelly@dalton.com,62777351,True,19690401
villa_19bdd,Jonathan,Villa,Jonathan_Villa@suarez.com,80471287,True,19751203
jackson_40b1b,Cindy,Jackson,Cindy_Jackson@garcia-burch.com,60954247,True,19670727
williams_10ae3,Scott,Williams,Scott_Williams@keller-wong.com,85799255,True,19800308
hernandez_04544,Dylan,Hernandez,Dylan_Hernandez@singleton-johnson.com,31405951,True,19950301
garcia_6967c,Michelle,Garcia,Michelle_Garcia@lynch.com,52895823,True,19801017
bailey_255ab,Matthew,Bailey,Matthew_Bailey@benjamin.com,39436023,True,19870728
edwards_e7bbf,Kristin,Edwards,Kristin_Edwards@short.com,22435107,True,19820603
kirk_079a3,Kristen,Kirk,Kristen_Kirk@ayers.com,97993751,True,19590823
carrillo_d036e,Ruth,Carrillo,Ruth_Carrillo@paul.com,43751451,True,19790905
stephenson_dd890,Jacob,Stephenson,Jacob_Stephenson@larson-stevenson.net,75359427,True,19541111
flynn_066c3,Curtis,Flynn,Curtis_Flynn@cook-drake.com,58787463,True,19780926
perez_7a5c3,Thomas,Perez,Thomas_Perez@greene-lopez.com,96377439,True,19630220
kline_e724e,Sheri,Kline,Sheri_Kline@hinton.com,33546343,True,19940609
baker_4cd37,Jeff,Baker,Jeff_Baker@bentley.com,57871767,True,19670424
powell_d1cfb,William,Powell,William_Powell@harrell.com,71832243,True,19670721
thomas_2a3b9,Shannon,Thomas,Shannon_Thomas@dawson-alexander.com,18892279,True,19680903
murray_8d3f7,Jeffrey,Murray,Jeffrey_Murray@jones.net,27473887,True,19821221
jackson_5ae26,Carla,Jackson,Carla_Jackson@morris.com,44275151,True,19940715
wagner_83f4e,Kristin,Wagner,Kristin_Wagner@clayton.com,66045343,True,19970129
rodriguez_3b414,Kathleen,Rodriguez,Kathleen_Rodriguez@frost-james.com,65397891,True,19671005
shea_abeb3,Nicole,Shea,Nicole_Shea@mcclure.com,28795599,True,19560102
